element,name,team,position,GW,opponent_team,was_home,value_m,predicted_points,points_per_million,has_prior_history,p_plays,predicted_points_if_plays,predicted_points_single_stage,selected_by,status,chance,model
426,B.Fernandes,Man Utd,MID,5,Fulham,0,12.0,7.431665377787117,0.6193054481489264,True,0.9196112530500022,8.08131191646372,5.202087448831336,40.2,a,,LightGBM+availability
411,Haaland,Man City,FWD,5,Sunderland,1,15.6,6.694706418130481,0.4291478473160565,True,0.9379493253901467,7.137599267791755,5.646830847046556,73.3,a,,ElasticNet+availability
124,Groß,Brighton,MID,5,Arsenal,1,5.7,6.210473530260711,1.0895567596948617,True,0.9638036299484279,6.443712533634083,4.331165564009875,20.5,a,,LightGBM+availability
379,Isak,Liverpool,FWD,5,Bournemouth,0,9.1,5.931784836665593,0.6518444875456696,True,0.9776618169393255,6.067317689910073,4.03164204467303,21.7,a,,ElasticNet+availability
480,Gibbs-White,Nott'm Forest,MID,5,Coventry City,1,8.0,5.848156069669893,0.7310195087087367,True,0.9847189922561377,5.938908577634821,6.556611342725259,16.1,a,100.0,LightGBM+availability
330,Bogle,Leeds,DEF,5,Crystal Palace,1,4.6,5.557860444339279,1.2082305313781043,True,0.9425796679320582,5.89643574270254,3.9733798314459863,5.8,a,,LightGBM+availability
472,Murillo,Nott'm Forest,DEF,5,Coventry City,1,5.5,4.7782897835432685,0.8687799606442307,True,0.9338934099191291,5.116525861294006,4.136021941865141,2.3,a,100.0,LightGBM+availability
115,De Cuyper,Brighton,DEF,5,Arsenal,1,4.9,4.658734326625739,0.9507621074746405,True,0.9872353476446211,4.718970342523393,4.3385243599453664,24.4,a,,LightGBM+availability
356,Virgil,Liverpool,DEF,5,Bournemouth,0,6.5,4.6151852976124506,0.7100285073249923,True,0.9723859251766969,4.746248560491868,4.253797841206764,16.4,a,,LightGBM+availability
397,Semenyo,Man City,MID,5,Sunderland,1,8.4,4.593793280881575,0.5468801524859017,True,0.9080749434423359,5.058826161932622,5.0837683223601475,14.9,a,,LightGBM+availability
346,Calvert-Lewin,Leeds,FWD,5,Crystal Palace,1,6.0,4.473013837864729,0.7455023063107881,True,0.9815451794480835,4.557114569478988,3.640984116032043,25.6,a,,ElasticNet+availability
403,Sávio,Spurs,MID,5,Aston Villa,1,6.5,4.412355160492102,0.6788238708449388,True,0.9097475299912648,4.850087540808677,3.5810884431631056,0.7,a,100.0,LightGBM+availability
334,Muharemović,Leeds,DEF,5,Crystal Palace,1,5.0,4.383553370314542,0.8767106740629084,True,0.9474140204651373,4.6268614097165415,3.8105406312037267,4.4,a,,LightGBM+availability
26,Havertz,Arsenal,FWD,5,Brighton,0,7.6,4.2909356048999765,0.564596790118418,True,0.9592362256758815,4.473283525000911,3.201869813830757,8.3,a,,ElasticNet+availability
106,Thiago,Brentford,FWD,5,Chelsea,1,7.8,4.269333269369056,0.547350419149879,True,0.8911583971402287,4.790768154201944,2.973813787356703,8.9,a,,ElasticNet+availability
469,N.Williams,Nott'm Forest,DEF,5,Coventry City,1,5.0,4.208693019494082,0.8417386038988164,True,0.9544746602333688,4.409434000547545,4.073262062247927,9.4,a,,LightGBM+availability
94,Schade,Brentford,MID,5,Chelsea,1,6.1,4.122851278655294,0.67587725879595,True,0.9761530598921734,4.223570511688718,3.8714376903855325,7.4,a,,LightGBM+availability
12,Saka,Arsenal,MID,5,Brighton,0,9.5,4.094267928920246,0.43097557146528903,True,0.9678866368881464,4.230111020112575,4.177928451627558,13.1,a,,LightGBM+availability
201,Muñoz,Nott'm Forest,DEF,5,Coventry City,1,5.4,4.070232932888117,0.7537468394237253,True,0.8963786584318538,4.540751717592964,3.0947769902671385,6.2,a,,LightGBM+availability
390,Rúben,Man City,DEF,5,Sunderland,1,5.5,4.062172733156447,0.7385768605738995,True,0.917206454808768,4.428853189877938,3.9807807916866396,1.9,a,,LightGBM+availability
449,Hall,Newcastle,DEF,5,Hull City,1,5.2,4.024914969111424,0.7740221094445046,True,0.9038122077072483,4.453264665811114,3.307544882080521,14.8,a,,LightGBM+availability
427,Mbeumo,Man Utd,MID,5,Fulham,0,7.9,3.99253945072986,0.5053847405987164,True,0.9379137992788872,4.256829842784608,4.198078232613506,21.7,a,,LightGBM+availability
69,Scott,Bournemouth,MID,5,Liverpool,1,6.1,3.9905954176844434,0.6541959701122039,True,0.9597723685733573,4.157856121255312,3.486152869392157,5.8,a,,LightGBM+availability
332,Justin,Leeds,DEF,5,Crystal Palace,1,4.5,3.9805295632225333,0.884562125160563,True,0.9388755137712631,4.239677683395526,3.6308573064733505,1.5,a,,LightGBM+availability
401,Marmoush,Spurs,FWD,5,Aston Villa,1,7.0,3.9212441154481095,0.5601777307783014,True,0.8961698846508588,4.375558900839206,2.905191454025993,2.2,a,,ElasticNet+availability
464,Wissa,Newcastle,FWD,5,Hull City,1,6.2,3.9154655729257324,0.631526705310602,True,0.974244539830736,4.018976153159658,3.267877814130293,18.9,a,,ElasticNet+availability
366,Wirtz,Liverpool,MID,5,Bournemouth,0,7.3,3.889804244020404,0.5328498964411512,True,0.9465577248057963,4.109421054926649,3.725034370287684,6.2,a,,LightGBM+availability
236,Dewsbury-Hall,Everton,MID,5,Ipswich Town,1,6.5,3.836793605216842,0.5902759392641296,True,0.9475663594269661,4.049102806411485,4.530059470514305,6.3,a,,LightGBM+availability
429,Rashford,Man Utd,MID,5,Fulham,0,7.0,3.8138062565291957,0.5448294652184565,True,0.923649269769071,4.129063250905526,3.8975539838679927,1.6,a,,LightGBM+availability
432,Mainoo,Man Utd,MID,5,Fulham,0,5.5,3.811309535491081,0.6929653700892874,True,0.9632740805200292,3.956620044664259,3.387630088359891,1.6,a,,LightGBM+availability
68,Tavernier,Bournemouth,MID,5,Liverpool,1,6.1,3.8110164933063193,0.6247568021813639,True,0.9291001354204559,4.101836118645789,3.6388134711254168,6.3,a,,LightGBM+availability
335,Stach,Leeds,MID,5,Crystal Palace,1,6.0,3.8078907764105105,0.6346484627350851,True,0.9504186967287391,4.006540264324501,3.815262587446817,2.7,a,,LightGBM+availability
167,Delap,Nott'm Forest,FWD,5,Coventry City,1,5.5,3.794788315510115,0.68996151191093,True,0.8973135073804901,4.22905515663992,3.0779043194677302,2.7,a,,ElasticNet+availability
138,Kostoulas,Brighton,FWD,5,Arsenal,1,5.5,3.755611301373206,0.682838418431492,True,0.9557308863388616,3.929569876892757,3.110325209715225,0.9,a,,ElasticNet+availability
391,Gvardiol,Man City,DEF,5,Sunderland,1,5.7,3.7273985160947825,0.6539295642271548,True,0.9492328796731386,3.926748215230687,4.07214629648865,25.8,a,,LightGBM+availability
249,Barry,Everton,FWD,5,Ipswich Town,1,5.6,3.7271151911085614,0.6655562841265289,True,0.983969151716437,3.7878374384064553,3.277261227792741,7.7,a,,ElasticNet+availability
116,Dunk,Brighton,DEF,5,Arsenal,1,4.5,3.7243291122111946,0.8276286916024876,True,0.9792220519300263,3.803355025421067,3.126491028896203,1.5,a,,LightGBM+availability
481,Anderson,Man City,MID,5,Sunderland,1,6.3,3.6894608433691887,0.5856287052966966,True,0.9328272532812644,3.95513834999067,3.8398676533823313,4.2,a,100.0,LightGBM+availability
567,Horníček,Newcastle,GK,5,Hull City,1,5.0,3.633459193800271,0.7266918387600543,True,0.9228723019817217,3.9371202126209606,3.09029013888225,1.5,a,,ElasticNet+availability
473,Aina,Nott'm Forest,DEF,5,Coventry City,1,4.5,3.589103709624372,0.7975786021387493,True,0.8999782852462367,3.9879892309205913,3.600305021477356,2.6,a,,LightGBM+availability
486,McAtee,Nott'm Forest,MID,5,Coventry City,1,5.5,3.5621609445313682,0.6476656262784306,True,0.9395154065458997,3.7914875261359966,3.1991116882390886,0.1,a,,LightGBM+availability
154,Palmer,Chelsea,MID,5,Brentford,0,9.7,3.552241369031836,0.36621045041565325,True,0.8567736341852898,4.146067557750746,3.5139522391611893,26.9,a,100.0,LightGBM+availability
368,Szoboszlai,Liverpool,MID,5,Bournemouth,0,7.0,3.534174249805644,0.5048820356865206,True,0.9307706010944592,3.7970411244724933,3.748617839946486,34.5,a,,LightGBM+availability
447,Botman,Newcastle,DEF,5,Hull City,1,5.0,3.5217608394386253,0.704352167887725,True,0.9166435323078328,3.842017878609682,3.0967772423684052,0.7,a,,LightGBM+availability
467,Sels,Nott'm Forest,GK,5,Coventry City,1,5.0,3.520253065615235,0.704050613123047,True,0.966557703857283,3.6420516349585865,3.4997367657580303,1.8,a,,ElasticNet+availability
453,Barnes,Newcastle,MID,5,Hull City,1,6.0,3.518468565287908,0.5864114275479847,True,0.9751419521684325,3.6081603888170903,3.310327975768248,4.2,a,,LightGBM+availability
564,Scherpen,Ipswich Town,GK,5,Everton,0,4.5,3.4288388822080424,0.7619641960462317,True,0.9376660196424861,3.656780570458757,2.9595346224857826,0.6,a,,ElasticNet+availability
316,Emersonn,Ipswich Town,FWD,5,Everton,0,5.5,3.413013529726049,0.6205479144956453,True,0.9529483578381863,3.5815304173131173,3.066795739473037,3.2,a,100.0,ElasticNet+availability
155,Enzo,Man City,MID,5,Sunderland,1,6.9,3.4064685695509396,0.49369109703636804,True,0.8290305943352017,4.108978115919331,3.0494384346245083,3.5,a,,LightGBM+availability
526,Solanke,Spurs,FWD,5,Aston Villa,1,5.8,3.38998505713596,0.5844801822648208,True,0.9172040117792709,3.6959989420017654,2.2103773346615254,0.9,a,,ElasticNet+availability
13,Rice,Arsenal,MID,5,Brighton,0,7.4,3.3631803423734117,0.454483830050461,True,0.9128830809195299,3.684130435395674,3.2221622561585166,12.4,a,,LightGBM+availability
428,Cunha,Man Utd,MID,5,Fulham,0,7.9,3.3432185296395116,0.42319221894171033,True,0.9304245046473747,3.5932184856917235,3.9062184533967597,5.8,a,,LightGBM+availability
67,Rayan,Bournemouth,MID,5,Liverpool,1,6.4,3.3430956060565533,0.5223586884463364,True,0.9223690439803386,3.6244663975602975,2.8884978665701606,1.6,a,,LightGBM+availability
504,Vuskovic,Brighton,DEF,5,Arsenal,1,5.0,3.2902942661271757,0.6580588532254351,True,0.875359663677868,3.7587912747805143,2.7442599497841735,3.1,a,,LightGBM+availability
483,Ndoye,Nott'm Forest,MID,5,Coventry City,1,5.5,3.2810867840477362,0.5965612334632248,True,0.8614642104842836,3.8087325557067886,2.9112832999954117,0.8,a,,LightGBM+availability
388,Guéhi,Man City,DEF,5,Sunderland,1,6.0,3.2808678289028963,0.5468113048171493,True,0.795235351190099,4.1256564160445794,4.364488464475852,18.6,a,,LightGBM+availability
566,Silva,Bournemouth,DEF,5,Liverpool,1,5.0,3.27442023655474,0.654884047310948,True,0.9275398509465236,3.5302205433149885,2.958628856743756,0.4,a,,LightGBM+availability
384,Donnarumma,Man City,GK,5,Sunderland,1,5.5,3.27299687731597,0.5950903413301764,True,0.9941953126507004,3.292106526422441,3.713023180804411,7.9,a,,ElasticNet+availability
491,Igor Jesus,Nott'm Forest,FWD,5,Coventry City,1,5.8,3.2709420238440257,0.5639555213524182,True,0.9165319676114667,3.5688248085533583,2.36836843544055,2.8,a,,ElasticNet+availability
496,Kinsky,Spurs,GK,5,Aston Villa,1,4.5,3.2672462109140032,0.7260547135364451,True,0.9864339589357982,3.3121793722904984,3.558189859987334,18.2,a,,ElasticNet+availability
598,Elvedi,Leeds,DEF,5,Crystal Palace,1,4.5,3.266451605334964,0.7258781345188808,True,0.863596449370583,3.782381930490404,3.022323909997816,0.0,a,,LightGBM+availability
61,Truffert,Bournemouth,DEF,5,Liverpool,1,5.5,3.245329109065805,0.5900598380119646,True,0.9287569229124117,3.4942717830722025,3.197355955896109,3.1,a,,LightGBM+availability
114,Boscagli,Brighton,DEF,5,Arsenal,1,4.5,3.2419302224296795,0.7204289383177066,True,0.8661917194711969,3.7427397994624703,2.8129555760685996,0.3,a,,LightGBM+availability
82,Kelleher,Brentford,GK,5,Chelsea,1,5.0,3.230759901070147,0.6461519802140294,True,0.9723019294746843,3.322794908795114,3.3196256499871852,6.0,a,,ElasticNet+availability
412,Lammens,Man Utd,GK,5,Fulham,0,4.9,3.225568468824674,0.6582792793519743,True,0.9620404439812976,3.352840817664606,3.1319570864957518,10.3,a,,ElasticNet+availability
338,Ampadu,Leeds,MID,5,Crystal Palace,1,5.4,3.219610776941149,0.5962242179520646,True,0.9435659216758813,3.412173652078014,3.306236716359668,0.9,a,,LightGBM+availability
222,Strand Larsen,Crystal Palace,FWD,5,Leeds,0,6.0,3.21100155545886,0.53516692590981,True,0.9482950128489073,3.3860787117420723,2.794709488952924,0.6,a,,ElasticNet+availability
156,Neto,Chelsea,MID,5,Brentford,0,6.5,3.191067232088376,0.4909334203212886,True,0.9383437239696634,3.400744471960195,3.3305963542763,1.4,a,,LightGBM+availability
113,F.Kadıoğlu,Brighton,DEF,5,Arsenal,1,4.4,3.1750454399953503,0.7216012363625796,True,0.8844354813826186,3.5899118780624577,2.2185770711557455,1.6,a,100.0,LightGBM+availability
581,Diomande,Nott'm Forest,DEF,5,Coventry City,1,5.4,3.1682724886990328,0.5867171275368579,True,0.7867814893956371,4.026877260588233,2.601651347356934,0.5,a,,LightGBM+availability
226,Pickford,Everton,GK,5,Ipswich Town,1,5.5,3.16341732651357,0.5751667866388309,True,0.9947785636998862,3.1800216067662856,3.614816672277817,9.2,a,,ElasticNet+availability
242,George,Everton,MID,5,Ipswich Town,1,5.5,3.1526117295748697,0.5732021326499763,True,0.8832964453380358,3.5691434582512915,2.8166038378652756,1.0,a,,LightGBM+availability
544,Xhaka,Sunderland,MID,5,Man City,0,5.5,3.1505776238723624,0.5728322952495204,True,0.895313346819597,3.5189664434961165,2.862997904355821,3.8,a,,LightGBM+availability
79,Evanilson,Bournemouth,FWD,5,Liverpool,1,6.0,3.1440740682450397,0.5240123447075066,True,0.9800661742733299,3.208022224189314,3.2479265744414114,3.2,a,,ElasticNet+availability
445,Thiaw,Newcastle,DEF,5,Hull City,1,5.0,3.143570737640344,0.6287141475280688,True,0.9099638356247184,3.4546106279951063,3.0625269218034243,2.2,a,,LightGBM+availability
250,Leno,Fulham,GK,5,Man Utd,1,4.5,3.1285839940622657,0.6952408875693924,True,0.988117051442727,3.1662078794149866,3.391432743225469,3.1,a,,ElasticNet+availability
565,M.Sangaré,Brentford,MID,5,Chelsea,1,5.7,3.1281094820626607,0.5487911372039755,True,0.935790549049751,3.342745323982061,3.0859676111889534,11.2,a,,LightGBM+availability
389,Matheus N.,Man City,DEF,5,Sunderland,1,5.9,3.1259694122623376,0.5298253241122606,True,0.6258483032628743,4.994771729770657,3.083704396465333,1.0,a,100.0,LightGBM+availability
60,Hill,Bournemouth,DEF,5,Liverpool,1,5.5,3.1165285957135227,0.5666415628570042,True,0.9009433586988767,3.45918371629305,3.0376259460499466,0.8,a,,LightGBM+availability
529,Roefs,Sunderland,GK,5,Man City,0,4.9,3.104343203136673,0.6335394292115658,True,0.9664284655649626,3.212181049863748,3.089469352646247,2.5,a,,ElasticNet+availability
286,Belloumi,Hull City,MID,5,Newcastle,0,5.1,3.087034329451174,0.605300848911995,True,0.9176040289251974,3.364233625986866,2.9937869395903336,4.3,a,,LightGBM+availability
254,Robinson,Fulham,DEF,5,Man Utd,1,4.5,3.0739804016173773,0.6831067559149727,True,0.949339657352608,3.238019583201322,3.5275163555201288,1.4,a,,LightGBM+availability
455,Tonali,Spurs,MID,5,Aston Villa,1,5.4,3.060425007216237,0.5667453717067105,True,0.9618748539522644,3.1817288856665744,3.1586825506434653,2.0,a,100.0,LightGBM+availability
40,Rogers,Chelsea,MID,5,Brentford,0,7.7,3.0517208933243922,0.39632738874342754,True,0.9299993613917545,3.281422568675163,3.4966895923770607,39.7,a,,LightGBM+availability
417,Dalot,Man Utd,DEF,5,Fulham,0,4.9,3.0498054737854203,0.6224092803643715,True,0.8931319602636555,3.4147310917919764,2.840016154800717,1.7,a,,LightGBM+availability
98,Janelt,Brentford,MID,5,Chelsea,1,5.0,3.047715574135234,0.6095431148270468,True,0.9846270181768899,3.0952995579770968,3.455081618881408,2.5,a,,LightGBM+availability
165,João Pedro,Chelsea,FWD,5,Brentford,0,7.8,3.043748923616068,0.39022422097641896,True,0.75,4.058331898154758,4.338719296500863,69.5,d,75.0,ElasticNet+availability
264,Bobb,Fulham,MID,5,Man Utd,1,5.5,3.0030982210394077,0.5460178583708014,True,0.8983936289585329,3.3427421168611398,2.583709346440469,0.3,a,,LightGBM+availability
569,Gonzalo,Fulham,FWD,5,Man Utd,1,6.0,2.993759710101082,0.4989599516835137,True,0.9464825742895799,3.163037325170162,2.89536839933775,3.6,a,,ElasticNet+availability
295,McBurnie,Hull City,FWD,5,Newcastle,0,5.5,2.9398438964919467,0.5345170720894449,True,0.960411651167192,3.0610248146397883,2.8895351592614227,2.0,a,,ElasticNet+availability
70,Kluivert,Bournemouth,MID,5,Liverpool,1,6.0,2.936540102889215,0.4894233504815358,True,0.9019848625339476,3.255642333774414,2.7471256011631318,1.0,a,,LightGBM+availability
28,Martinez,Chelsea,GK,5,Brentford,0,5.0,2.9365234931715176,0.5873046986343036,True,0.9402887584351284,3.123001808570608,2.98228834445989,4.8,a,,ElasticNet+availability
591,Enciso,Ipswich Town,MID,5,Everton,0,5.5,2.9326816734948293,0.5332148497263326,True,0.9449154778551697,3.1036444446350058,2.732964103864357,0.8,a,100.0,LightGBM+availability
230,Branthwaite,Everton,DEF,5,Ipswich Town,1,5.5,2.891378482062627,0.5257051785568413,True,0.9296984797214385,3.110017435899173,3.801735648957684,2.3,a,,LightGBM+availability
57,Petrović,Bournemouth,GK,5,Liverpool,1,4.5,2.8846332790626987,0.6410296175694886,True,0.8829056082662217,3.2672046162752406,2.824606782624228,3.0,a,,ElasticNet+availability
336,Okafor,Leeds,MID,5,Crystal Palace,1,5.8,2.881365480964923,0.496787151890504,True,0.9270889890420491,3.107970771977571,3.091894900312986,0.4,a,,LightGBM+availability
15,Ødegaard,Arsenal,MID,5,Brighton,0,6.8,2.8793893912397954,0.42343961635879346,True,0.9639045398752917,2.98721426461206,3.685901055799574,19.8,a,,LightGBM+availability
558,Schlager,Nott'm Forest,MID,5,Coventry City,1,5.0,2.864794389800857,0.5729588779601714,True,0.9383643091430047,3.052966062208008,3.0188118979507945,0.1,a,,LightGBM+availability
399,Cherki,Man City,MID,5,Sunderland,1,7.8,2.863099952447652,0.3670640964676477,True,0.8458137010928652,3.3850243247990384,4.243028593643317,28.0,a,,LightGBM+availability
261,Iwobi,Fulham,MID,5,Man Utd,1,5.4,2.857396653192483,0.5291475283689783,True,0.9314452575894424,3.067702186371484,2.7758916874071753,0.7,a,,LightGBM+availability
305,Davis,Ipswich Town,DEF,5,Everton,0,4.0,2.855103377826755,0.7137758444566887,True,0.9484510968611837,3.0102800105092093,2.99532664478666,6.8,a,,LightGBM+availability
282,Giles,Hull City,DEF,5,Newcastle,0,4.0,2.8513167405798994,0.7128291851449748,True,0.9639107176384969,2.958071415125868,3.155662984372193,2.9,a,,LightGBM+availability
1,Raya,Arsenal,GK,5,Brighton,0,6.0,2.8508657860993276,0.47514429768322125,True,0.9783625229615287,2.913915567278357,3.7495097376277284,41.2,a,,ElasticNet+availability
229,Tarkowski,Everton,DEF,5,Ipswich Town,1,6.1,2.8467219886539867,0.4666757358449159,True,0.9307274408470229,3.0585989664850577,3.6919294184186278,14.5,a,,LightGBM+availability
415,Dorgu,Man Utd,MID,5,Fulham,0,5.8,2.8457919181337075,0.49065377898857027,True,0.9032432897980752,3.150637209571631,2.916560914244391,0.5,a,,LightGBM+availability
277,Egan,Hull City,DEF,5,Newcastle,0,4.1,2.8385921561924374,0.6923395502908385,True,0.9493915690745397,2.9899066398488006,2.7969513044124743,7.0,a,,LightGBM+availability
127,Gomez,Brighton,MID,5,Arsenal,1,5.0,2.8084025508152815,0.5616805101630563,True,0.7587144342902066,3.7015277736775913,2.3192954030921755,4.2,a,,LightGBM+availability
557,Tzolis,Arsenal,MID,5,Brighton,0,6.4,2.8069694890738646,0.43858898266779134,True,0.9235299816675482,3.039391838698655,2.9919575560020673,13.5,a,,LightGBM+availability
418,Maguire,Man Utd,DEF,5,Fulham,0,4.9,2.800619536865096,0.571555007523489,True,0.9068884471577398,3.0881632086531257,2.837830000547048,9.4,a,,LightGBM+availability
237,Ndiaye,Man City,MID,5,Sunderland,1,5.9,2.798595848925107,0.4743382794788316,True,0.8051797041411819,3.4757406756919385,2.966936738158309,7.4,a,,LightGBM+availability
214,Kamada,Crystal Palace,MID,5,Leeds,0,5.0,2.7932897775111836,0.5586579555022367,True,0.9368898679706806,2.9814494456658998,2.9560248479937363,0.5,a,,LightGBM+availability
202,Richards,Crystal Palace,DEF,5,Leeds,0,5.0,2.782426455280365,0.556485291056073,True,0.901918320440008,3.0850093541984336,2.26960221577379,0.6,a,,LightGBM+availability
257,Bassey,Fulham,DEF,5,Man Utd,1,4.5,2.774420663069998,0.6165379251266663,True,0.9371719302324951,2.960418012500348,3.281987960675233,0.7,a,,LightGBM+availability
350,A.Becker,Liverpool,GK,5,Bournemouth,0,5.5,2.761372067902347,0.5020676487095176,True,0.9921364179934227,2.783258448961253,3.6465062438636555,3.9,a,,ElasticNet+availability
304,O'Shea,Ipswich Town,DEF,5,Everton,0,4.0,2.7404498267579,0.685112456689475,True,0.885088471177526,3.0962439530050507,2.4693507870103786,2.8,a,,LightGBM+availability
580,Charles,Fulham,MID,5,Man Utd,1,5.0,2.7197179884605975,0.5439435976921195,True,0.9434985184224292,2.8825885100573183,2.8493203135917025,0.1,a,,LightGBM+availability
650,Affengruber,Fulham,DEF,5,Man Utd,1,4.5,2.6972950130498115,0.599398891788847,True,0.8699759412154845,3.100424833911261,2.7469940471315053,0.0,a,,LightGBM+availability
239,Garner,Everton,MID,5,Ipswich Town,1,6.0,2.6796790006621527,0.44661316677702545,True,0.9266193769071762,2.8918875079067,2.9115615225627023,0.2,a,100.0,LightGBM+availability
542,E.Le Fée,Sunderland,MID,5,Man City,0,5.8,2.6660977746180694,0.4596720301065637,True,0.9017740992421037,2.9565029388832436,2.754787318472798,3.5,a,,LightGBM+availability
377,Munoz,Liverpool,MID,5,Bournemouth,0,6.5,2.65926822858223,0.4091181890126508,True,0.8441455312519563,3.1502485414313055,2.9638060492771787,1.0,a,,LightGBM+availability
129,Ayari,Brighton,MID,5,Arsenal,1,5.4,2.656388470520668,0.4919237908371607,True,0.8619055822528642,3.081994739583137,3.0026372551606917,0.4,a,100.0,LightGBM+availability
166,N.Jackson,Aston Villa,FWD,5,Spurs,0,6.5,2.655643970617775,0.4085606108642731,True,0.7882445287225995,3.369061089356897,2.102463009541308,1.2,a,,ElasticNet+availability
385,Trafford,Leeds,GK,5,Crystal Palace,1,5.0,2.652104031420657,0.5304208062841315,True,0.9897444545409446,2.67958463344029,3.4077463268176587,5.5,a,,ElasticNet+availability
597,Suzuki,Aston Villa,GK,5,Spurs,0,5.0,2.6310548312791258,0.5262109662558252,True,0.9747952776019899,2.699084507007007,3.1855721529919556,1.8,a,,ElasticNet+availability
279,Ajayi,Hull City,DEF,5,Newcastle,0,4.2,2.6189264249239788,0.6235539106961854,True,0.941629490915728,2.7812706061033534,2.716472622148416,14.1,a,100.0,LightGBM+availability
552,Brobbey,Sunderland,FWD,5,Man City,0,5.8,2.618208660652188,0.4514152863193428,True,0.8915311668783199,2.936755054587489,2.5438074792566585,5.5,a,,ElasticNet+availability
644,Timber,Crystal Palace,MID,5,Leeds,0,5.0,2.5923645900894727,0.5184729180178945,True,0.9091790451138868,2.85132461424553,2.572175078811878,0.0,a,,LightGBM+availability
112,Van Hecke,Spurs,DEF,5,Aston Villa,1,4.9,2.5733570144664535,0.5251749009115211,True,0.974312765961982,2.641202193348729,3.914142721832411,6.7,a,,LightGBM+availability
605,Yalcouyé,Brighton,MID,5,Arsenal,1,4.5,2.5731651948199676,0.5718144877377705,True,0.9049884146970045,2.843312856862901,2.849942646208562,4.0,a,,LightGBM+availability
525,Fernandes,Spurs,MID,5,Aston Villa,1,5.8,2.571506206978184,0.4433631391341697,True,0.87310769912082,2.945233686024731,2.332640399108432,0.8,a,,LightGBM+availability
45,McGinn,Aston Villa,MID,5,Spurs,0,5.4,2.55931228448713,0.4739467193494685,True,0.9682253062242451,2.643302409092768,2.8689767656480023,2.2,a,,LightGBM+availability
627,Barcola,Liverpool,MID,5,Bournemouth,0,8.0,2.559236423151071,0.31990455289388386,True,0.7912947570155573,3.2342390752132264,2.224814254428369,1.9,a,,LightGBM+availability
419,Martinez,Man Utd,DEF,5,Fulham,0,5.0,2.5559016995014474,0.5111803399002894,True,0.8653189932102335,2.953710388372902,2.377802975490098,1.3,a,100.0,LightGBM+availability
362,Jacquet,Liverpool,DEF,5,Bournemouth,0,5.0,2.547322934395479,0.5094645868790958,True,0.9253781958212444,2.75273714671309,3.273197853828441,3.3,a,100.0,LightGBM+availability
43,Tielemans,Man Utd,MID,5,Fulham,0,5.8,2.5461559056704473,0.43899239752938746,True,0.8780006640718947,2.8999475853038263,2.444389343726944,1.5,a,100.0,LightGBM+availability
268,King,Fulham,MID,5,Man Utd,1,5.5,2.5393385668037753,0.46169792123705006,True,0.7984002813655932,3.1805331562013746,2.8407474036303673,1.9,a,,LightGBM+availability
290,Slater,Hull City,MID,5,Newcastle,0,4.5,2.530956314439014,0.5624347365420032,True,0.9585359441335242,2.640439651667827,2.9456306076803087,5.5,a,,LightGBM+availability
345,Tanaka,Leeds,MID,5,Crystal Palace,1,4.9,2.5228168857743896,0.5148605889335488,True,0.9344626605425655,2.699751410409055,2.45606522614372,0.3,a,,LightGBM+availability
588,Khalaili,Crystal Palace,DEF,5,Leeds,0,5.0,2.516717695473603,0.5033435390947206,True,0.9433127321273588,2.6679568819111577,2.6606218686668868,0.3,a,,LightGBM+availability
502,Robertson,Spurs,DEF,5,Aston Villa,1,4.4,2.4947692742464294,0.5669930168741885,True,0.9371193611154887,2.6621681055408044,3.3795250119905065,2.6,a,,LightGBM+availability
265,Berge,Fulham,MID,5,Man Utd,1,4.9,2.4759138123760205,0.5052885331379633,True,0.9326854366062115,2.6546075613501556,2.695852449759803,0.3,a,,LightGBM+availability
306,Greaves,Ipswich Town,DEF,5,Everton,0,4.0,2.468160551574431,0.6170401378936078,True,0.7890349477508848,3.128075072732624,1.8390911912228816,1.1,a,,LightGBM+availability
87,Ajer,Brentford,DEF,5,Chelsea,1,4.5,2.4435195783478747,0.5430043507439721,True,0.935656450760139,2.611556385212466,2.857528514578461,4.0,a,,LightGBM+availability
109,Verbruggen,Brighton,GK,5,Arsenal,1,4.5,2.442823150996896,0.5428495891104214,True,0.9951010698550293,2.454849286166256,3.4739861088238073,21.3,a,,ElasticNet+availability
514,Tel,Spurs,MID,5,Aston Villa,1,5.8,2.4007764835525958,0.41392697992286137,True,0.8266144261684836,2.904348638918214,2.5053655270909,0.2,a,,LightGBM+availability
367,Gakpo,Liverpool,MID,5,Bournemouth,0,7.2,2.398300473143481,0.3330972879365946,True,0.75,3.197733964191308,3.4673473095027907,12.6,a,75.0,LightGBM+availability
331,Gudmundsson,Leeds,DEF,5,Crystal Palace,1,4.5,2.3623441910321823,0.5249653757849294,True,0.6791625379921856,3.4783193401921166,2.713922518027268,0.1,a,100.0,LightGBM+availability
579,Araujo,Liverpool,DEF,5,Bournemouth,0,5.4,2.3528808360477074,0.435718673342168,True,0.7547501181808531,3.1174302320333127,2.7743025395997516,2.9,a,,LightGBM+availability
73,Adams,Bournemouth,MID,5,Liverpool,1,5.0,2.3493769090163474,0.4698753818032695,True,0.8999498961531823,2.6105641203568237,2.372616139487076,0.3,a,100.0,LightGBM+availability
545,Sadiki,Sunderland,MID,5,Man City,0,4.9,2.337491534556056,0.4770390886849093,True,0.9236215498778223,2.5307892987828855,2.4924195030959937,0.2,a,,LightGBM+availability
86,Lewis-Potter,Brentford,MID,5,Chelsea,1,5.5,2.319877036454965,0.4217958248099936,True,0.8310051945515067,2.7916516667588365,2.4788055750717928,1.8,a,,LightGBM+availability
4,Gabriel,Arsenal,DEF,5,Brighton,0,8.0,2.313360551183192,0.289170068897899,True,0.9764922208653061,2.3690516951924483,2.9464693413029264,23.1,a,,LightGBM+availability
452,Bruno G.,Arsenal,MID,5,Brighton,0,6.7,2.3067175996007454,0.34428620889563366,True,0.7957640215601451,2.8987457802858203,1.8851047108632077,1.8,a,100.0,LightGBM+availability
110,Rushworth,Coventry City,GK,5,Nott'm Forest,0,4.5,2.283407266594577,0.5074238370210171,True,0.8629369060735309,2.6460883183040127,2.837396349644572,0.8,a,,ElasticNet+availability
259,Diop,Ipswich Town,DEF,5,Everton,0,4.0,2.2736098325002847,0.5684024581250712,True,0.9101362389054053,2.498098345402321,2.3258440143247947,13.2,a,,LightGBM+availability
244,Armstrong,Everton,MID,5,Ipswich Town,1,5.0,2.2612344004659235,0.4522468800931847,True,0.75,3.014979200621231,3.0825800507658183,0.4,d,75.0,LightGBM+availability
64,Smith,Bournemouth,DEF,5,Liverpool,1,4.5,2.259812452487438,0.5021805449972084,True,0.8409607953059368,2.6871793133535204,2.0687979721082286,0.1,a,,LightGBM+availability
572,Tzolakis,Hull City,GK,5,Newcastle,0,4.6,2.237594489175684,0.48643358460340963,True,0.9994885591973446,2.238739471888123,3.3318755965252453,11.3,a,,ElasticNet+availability
200,Lacroix,Chelsea,DEF,5,Brentford,0,6.0,2.229560420783945,0.3715934034639908,True,0.5567520722175613,4.0045839648221415,1.7189859402360088,7.0,a,,LightGBM+availability
459,L.Miley,Newcastle,MID,5,Hull City,1,5.5,2.1979152141752616,0.39962094803186576,True,0.8639626710930601,2.5439932623414436,2.2830067383096004,0.1,a,100.0,LightGBM+availability
503,Van de Ven,Spurs,DEF,5,Aston Villa,1,5.0,2.1728854451816075,0.43457708903632153,True,0.921999065545944,2.3567111143382506,3.5546347083177947,4.0,a,100.0,LightGBM+availability
649,Maitland-Niles,Everton,DEF,5,Ipswich Town,1,4.5,2.1706160251125435,0.4823591166916763,True,0.8193088363935686,2.6493257837510398,2.304039700928249,0.9,a,,LightGBM+availability
532,Ballard,Sunderland,DEF,5,Man City,0,4.9,2.1700526562956726,0.4428678890399331,True,0.9121706907636947,2.378998446528515,2.215184507745485,2.7,a,,LightGBM+availability
533,Mukiele,Sunderland,DEF,5,Man City,0,5.4,2.1611607531559307,0.4002149542881353,True,0.8613957357862578,2.5089057948299267,2.1081297729907136,1.9,a,100.0,LightGBM+availability
258,Castagne,Fulham,DEF,5,Man Utd,1,4.5,2.152117217060062,0.47824827045779156,True,0.6923589094928473,3.1083837985655265,3.091806736627833,0.8,a,,LightGBM+availability
522,Gray,Spurs,MID,5,Aston Villa,1,4.9,2.142131510472587,0.4371696960148136,True,0.8415721219640009,2.5453926699394858,2.0756885204912354,0.2,a,,LightGBM+availability
210,Wharton,Crystal Palace,MID,5,Leeds,0,5.5,2.1280739531530317,0.38692253693691486,True,0.8881261643289021,2.3961392408263027,2.3487146603523525,0.8,a,100.0,LightGBM+availability
315,Fatawu,Ipswich Town,MID,5,Everton,0,5.4,2.125580513393404,0.3936260209987785,True,0.8433327184152565,2.520453039445304,2.0724655824053637,0.2,a,,LightGBM+availability
640,Flemming,Ipswich Town,FWD,5,Everton,0,5.5,2.1219956855697126,0.3858173973763114,True,0.838051681285908,2.5320582643706633,1.4681655077910123,0.1,a,,ElasticNet+availability
8,Calafiori,Arsenal,DEF,5,Brighton,0,5.8,2.1210749202543444,0.3657025724576456,True,0.947731946055938,2.2380536280130334,2.500428298916866,50.2,a,,LightGBM+availability
93,Schuster,Brentford,DEF,5,Chelsea,1,4.5,2.111175295780186,0.4691500657289302,True,0.8442805923438543,2.5005612055101665,2.099490573006482,0.1,a,,LightGBM+availability
183,Rudoni,Coventry City,MID,5,Nott'm Forest,0,4.9,2.110231813542955,0.4306595537842765,True,0.9135590736965508,2.3099018709368027,2.763737567577003,0.1,a,100.0,LightGBM+availability
512,Kudus,Spurs,MID,5,Aston Villa,1,6.5,2.1026813207971538,0.32348943396879287,True,0.8033540762370723,2.6173780441199206,2.2328673763284,0.1,a,100.0,LightGBM+availability
184,Grimes,Coventry City,MID,5,Nott'm Forest,0,4.9,2.089168664184247,0.4263609518743361,True,0.8919248510133803,2.342314671253516,2.4508369203041473,0.1,a,,LightGBM+availability
31,Konsa,Arsenal,DEF,5,Brighton,0,4.5,2.0884682792310025,0.4641040620513339,True,0.8723293486083683,2.3941281839969584,1.6539023037761829,18.8,a,,LightGBM+availability
199,Benitez,Crystal Palace,GK,5,Leeds,0,4.5,2.0804041794878074,0.4623120398861794,True,0.7629357423130008,2.726840629042523,1.5043069936449978,0.1,a,,ElasticNet+availability
460,Willock,Newcastle,MID,5,Hull City,1,5.0,2.0763584639261827,0.41527169278523657,True,0.8699062660027417,2.386876086623842,2.236331838948985,0.5,a,,LightGBM+availability
634,Fernandez-Pardo,Newcastle,FWD,5,Hull City,1,6.0,2.062052572822206,0.343675428803701,True,0.714619457847192,2.885525366233643,1.5438833086156516,0.1,a,,ElasticNet+availability
142,James,Chelsea,DEF,5,Brentford,0,5.4,2.0606172323165133,0.38159578376231723,True,0.7455174897817304,2.7640092426534655,1.6835501307373308,6.7,d,75.0,LightGBM+availability
233,Mykolenko,Everton,DEF,5,Ipswich Town,1,4.5,2.057926215057477,0.4573169366794393,True,0.9568650687121616,2.150696354531184,3.5950425688332768,3.9,a,,LightGBM+availability
247,Hackney,Everton,MID,5,Ipswich Town,1,5.5,2.0485849325603014,0.37246998773823664,True,0.8685002201818706,2.358761558092999,2.112319184625821,0.2,a,100.0,LightGBM+availability
439,Šeško,Man Utd,FWD,5,Fulham,0,7.0,2.0312121113779034,0.29017315876827193,True,0.8646664464582492,2.349127943726658,1.8281620139816477,1.8,a,100.0,ElasticNet+availability
95,O.Dango,Brentford,MID,5,Chelsea,1,6.3,2.0294612440267703,0.32213670540107464,True,0.8740259829529547,2.321969007340149,1.8401470680901957,0.5,a,,LightGBM+availability
96,Damsgaard,Brentford,MID,5,Chelsea,1,5.4,2.0275941433491886,0.3754803969165164,True,0.8381950401509363,2.419000407093883,2.181058587181264,0.4,a,,LightGBM+availability
450,Livramento,Newcastle,DEF,5,Hull City,1,4.9,2.0264516729867,0.413561565915653,True,0.6393661823389164,3.1694695918598255,1.6001137627193822,0.1,a,100.0,LightGBM+availability
46,Barkley,Aston Villa,MID,5,Spurs,0,5.0,2.0199610516047195,0.4039922103209439,True,0.857298763421155,2.356192657439303,2.166367071729722,0.3,a,,LightGBM+availability
461,Touré,Newcastle,MID,5,Hull City,1,5.8,2.0100744735593206,0.3465645644067794,True,0.8665392490733221,2.319657737037181,1.7693520118510535,0.1,a,,LightGBM+availability
516,Bentancur,Spurs,MID,5,Aston Villa,1,5.5,2.0076867888568284,0.3650339616103324,True,0.8472513794019078,2.3696471173338143,2.26684464468349,0.2,a,,LightGBM+availability
387,O'Reilly,Man City,DEF,5,Sunderland,1,6.4,2.007079877453033,0.31360623085203637,True,0.5093750404523342,3.940279201098487,1.5392735646618418,11.7,a,100.0,LightGBM+availability
553,Isidor,Sunderland,FWD,5,Man City,0,5.5,2.0054815964945223,0.3646330175444586,True,0.847765677904515,2.3656083853873624,1.5870093542292538,1.3,a,,ElasticNet+availability
194,Thomas-Asante,Coventry City,FWD,5,Nott'm Forest,0,5.0,2.0053956230833325,0.4010791246166665,True,0.7754013491714745,2.5862679052933313,1.4139993558594934,0.8,a,,ElasticNet+availability
490,Wood,Nott'm Forest,FWD,5,Coventry City,1,5.8,1.9782113282966205,0.34107091867183115,True,0.6843782753811931,2.8905232668216607,1.1956996641749056,0.9,a,,ElasticNet+availability
56,Abraham,Aston Villa,FWD,5,Spurs,0,5.5,1.965569277784768,0.3573762323245033,True,0.7624976750520975,2.577803634155961,1.6718166471298084,0.2,a,100.0,ElasticNet+availability
105,Anthony,Brentford,MID,5,Chelsea,1,5.9,1.959730149585305,0.33215765247208556,True,0.8320921042968523,2.3551841670716818,2.0018685183624485,0.1,a,,LightGBM+availability
371,Gravenberch,Liverpool,MID,5,Bournemouth,0,5.9,1.9346686225532714,0.3279099360259782,True,0.8154526884938349,2.372508730244867,1.9288532319215257,1.2,a,,LightGBM+availability
267,Lukić,Ipswich Town,MID,5,Everton,0,5.0,1.927340394790731,0.3854680789581462,True,0.8630894032394751,2.2330715538352703,2.3262263056874417,0.1,a,,LightGBM+availability
209,Johnson,Everton,MID,5,Ipswich Town,1,5.9,1.9172447683792413,0.3249567404032612,True,0.6621260184538994,2.8955889286092593,1.924869980818181,0.1,a,,LightGBM+availability
280,Coyle,Hull City,DEF,5,Newcastle,0,4.0,1.896823802949389,0.4742059507373472,True,0.7741985641271812,2.4500482057698427,1.923156203972586,0.7,a,100.0,LightGBM+availability
211,Yeremy,Crystal Palace,MID,5,Leeds,0,5.5,1.8892662026206193,0.3435029459310217,True,0.8468182902030735,2.2310172376739272,2.093182078824568,0.4,a,,LightGBM+availability
41,Buendía,Aston Villa,MID,5,Spurs,0,5.9,1.8842099871009916,0.31935762493237146,True,0.7901053723056843,2.3847578476811173,1.9215684833706699,0.9,a,,LightGBM+availability
204,Mitchell,Crystal Palace,DEF,5,Leeds,0,4.5,1.8814297062448584,0.4180954902766352,True,0.7513840582915386,2.5039521207340543,2.4364793765134105,6.0,a,,LightGBM+availability
7,Lewis-Skelly,Arsenal,MID,5,Brighton,0,5.5,1.8778712416127785,0.341431134838687,True,0.7867313515753513,2.386928190738208,1.7090184719016628,0.6,a,,LightGBM+availability
161,Lavia,Chelsea,MID,5,Brentford,0,5.0,1.8778564347787894,0.37557128695575787,True,0.821254734576442,2.2865699955413765,2.1221807519616545,0.2,a,,LightGBM+availability
144,Gusto,Chelsea,DEF,5,Brentford,0,5.0,1.864570329035422,0.3729140658070844,True,0.7875613067272021,2.3675240430282813,1.666724833636277,1.0,a,,LightGBM+availability
393,Khusanov,Man City,DEF,5,Sunderland,1,5.4,1.8604891406147583,0.34453502603977004,True,0.5071865107706272,3.6682543819785387,1.9304375473200903,1.4,a,,LightGBM+availability
47,Kamara,Aston Villa,MID,5,Spurs,0,5.0,1.853946937415655,0.370789387483131,True,0.8426825241373171,2.200053856953547,1.7519307156660893,0.3,a,100.0,LightGBM+availability
52,Alysson,Aston Villa,MID,5,Spurs,0,5.0,1.8410770701829564,0.3682154140365913,True,0.9004534734902538,2.044610992555501,1.9037259736968541,0.1,a,,LightGBM+availability
102,Yarmoliuk,Brentford,MID,5,Chelsea,1,4.8,1.8407222289031897,0.38348379768816454,True,0.8086425051403437,2.276311493895221,1.7204508649925816,0.7,a,,LightGBM+availability
88,Kayode,Brentford,DEF,5,Chelsea,1,4.6,1.8275198214566788,0.3972869177079737,True,0.6805421101445714,2.685388301788479,1.8172754726320777,7.7,a,,LightGBM+availability
37,Lindelöf,Aston Villa,DEF,5,Spurs,0,4.5,1.822149588328568,0.4049221307396818,True,0.9679729602703474,1.8824385216500839,2.7370454327459113,0.3,a,,LightGBM+availability
551,N.Angulo,Sunderland,MID,5,Man City,0,5.0,1.8136484694844148,0.362729693896883,True,0.8312911063050763,2.1817248563451157,1.653570771736179,0.1,a,,LightGBM+availability
10,White,Arsenal,DEF,5,Brighton,0,5.5,1.8125553969931878,0.32955552672603416,True,0.771799858135628,2.3484785309129563,2.1119081361302934,5.5,a,100.0,LightGBM+availability
631,Mbaye,Aston Villa,MID,5,Spurs,0,6.0,1.7830142585831343,0.29716904309718906,True,0.718318791880919,2.4822046683677987,1.3918949045896907,0.1,a,,LightGBM+availability
176,Dasilva,Coventry City,DEF,5,Nott'm Forest,0,4.0,1.769766507230796,0.442441626807699,True,0.7355064115029816,2.406187736167167,1.6835365228879993,0.7,a,,LightGBM+availability
313,Clarke,Ipswich Town,MID,5,Everton,0,5.4,1.7568650371324512,0.3253453772467502,True,0.7847895115399853,2.238644899426562,1.916986427444609,0.2,a,,LightGBM+availability
104,Onyeka,Coventry City,MID,5,Nott'm Forest,0,4.9,1.7298634064560978,0.35303334825634647,True,0.8369294948585885,2.0669165289106983,1.8166337356283255,0.1,a,100.0,LightGBM+availability
474,Jair Cunha,Nott'm Forest,DEF,5,Coventry City,1,4.5,1.7272747182738803,0.3838388262830845,True,0.48229131342920045,3.5813929676497094,1.338410670334266,0.2,d,75.0,LightGBM+availability
372,Mac Allister,Liverpool,MID,5,Bournemouth,0,5.4,1.719646083573326,0.3184529784395048,True,0.7730416486295142,2.2245193213354004,1.916377927278404,1.3,a,,LightGBM+availability
642,Thomas,Hull City,MID,5,Newcastle,0,5.5,1.7137847538159041,0.311597227966528,True,0.6912791001173231,2.4791502499135913,1.9124541310093848,0.0,a,,LightGBM+availability
462,Steur,Newcastle,MID,5,Hull City,1,4.9,1.7079107317889723,0.348553210569178,True,0.8264359755609165,2.066597755052693,1.6329343053335739,0.1,a,,LightGBM+availability
358,Kerkez,Liverpool,DEF,5,Bournemouth,0,5.4,1.6812549827080354,0.31134351531630283,True,0.6840502629046885,2.457794512889898,2.0378649508710787,2.3,a,,LightGBM+availability
639,Andrés,Brighton,MID,5,Arsenal,1,5.5,1.6699134896141052,0.30362063447529186,True,0.734768148627403,2.27270805455247,1.4754615514028007,0.0,a,,LightGBM+availability
238,Grealish,Everton,MID,5,Ipswich Town,1,6.5,1.6601498603482974,0.25540767082281496,True,0.7693480392238433,2.157865849665568,1.7746843801400651,0.4,a,100.0,LightGBM+availability
501,Danso,Sunderland,DEF,5,Man City,0,5.0,1.6569293264902056,0.33138586529804115,True,0.8373919742706913,1.9786782980972237,1.6579512569143562,0.2,a,,LightGBM+availability
357,Frimpong,Liverpool,DEF,5,Bournemouth,0,5.3,1.653242218683125,0.3119324940911557,True,0.6343625115381165,2.606147413526324,1.6702227354294457,1.9,a,,LightGBM+availability
327,Bijol,Leeds,DEF,5,Crystal Palace,1,5.0,1.6388906059129122,0.3277781211825824,True,0.4974085172928276,3.294858348692262,1.1182748419881257,0.7,a,,LightGBM+availability
145,Fofana,Chelsea,DEF,5,Brentford,0,5.0,1.6302959202698988,0.32605918405397977,True,0.6771989645106629,2.407410533251382,1.5293806583571066,0.2,a,100.0,LightGBM+availability
457,J.Murphy,Newcastle,MID,5,Hull City,1,5.9,1.6293578017229418,0.27616233927507483,True,0.6917715904763199,2.355340728290166,1.29352354448833,0.1,a,,LightGBM+availability
347,Nmecha,Leeds,FWD,5,Crystal Palace,1,5.4,1.6197630338860165,0.29995611738629935,True,0.7306443871569384,2.2168965674105703,1.4180293807174265,0.5,a,,ElasticNet+availability
149,Colwill,Chelsea,DEF,5,Brentford,0,4.9,1.60522707018788,0.3275973612628326,True,0.8047813535210956,1.9946126524485912,1.6602853817925,0.9,a,,LightGBM+availability
562,Maeda,Ipswich Town,MID,5,Everton,0,5.4,1.598989428594515,0.2961091534434287,True,0.8065229785586968,1.9825714469437703,1.5907467000483084,0.2,a,,LightGBM+availability
576,Stroud,Hull City,MID,5,Newcastle,0,5.0,1.5926357908168671,0.3185271581633734,True,0.761152440776571,2.0924005567031614,1.7041203909173432,0.1,a,,LightGBM+availability
148,Hato,Chelsea,DEF,5,Brentford,0,4.5,1.5705953520339475,0.3490211893408772,True,0.5961856236536804,2.634406617201984,1.6168733239079518,0.9,a,,LightGBM+availability
520,Bergvall,Spurs,MID,5,Aston Villa,1,5.4,1.5312333169495265,0.2835617253610234,True,0.6800265765077607,2.2517256969765675,1.3041247249856731,0.1,a,,LightGBM+availability
175,van Ewijk,Coventry City,DEF,5,Nott'm Forest,0,4.0,1.5297306759545022,0.38243266898862555,True,0.9328657863859249,1.6398186087206927,2.265240970738872,9.5,a,,LightGBM+availability
633,Ahanor,Crystal Palace,DEF,5,Leeds,0,4.5,1.5291524699954642,0.33981165999899204,True,0.7817541250964282,1.9560529594990568,1.7440003586702293,0.0,a,,LightGBM+availability
271,Muniz,Fulham,FWD,5,Man Utd,1,5.4,1.523919675619861,0.28220734733701125,True,0.633179532780738,2.4067734295315177,1.0607174016491243,0.4,a,,ElasticNet+availability
611,Wan-Bissaka,Aston Villa,DEF,5,Spurs,0,4.5,1.4939095968771903,0.3319799104171534,True,0.8703805744572068,1.7163866482300953,2.161274385878712,0.2,a,,LightGBM+availability
186,Mason-Clark,Coventry City,MID,5,Nott'm Forest,0,5.4,1.489146071700715,0.27576779105568794,True,0.7453777893043806,1.9978406830319586,1.6077816393986601,0.1,a,100.0,LightGBM+availability
90,Hickey,Brentford,DEF,5,Chelsea,1,4.5,1.4843745999862488,0.3298610222191664,True,0.6960205491405982,2.132659160450162,1.6712892314227796,0.1,a,,LightGBM+availability
195,Simms,Coventry City,FWD,5,Nott'm Forest,0,5.0,1.4830120736314945,0.2966024147262989,True,0.516435732945087,2.8716294768650026,0.6193267034187385,0.7,a,,ElasticNet+availability
369,Ngumoha,Liverpool,MID,5,Bournemouth,0,5.8,1.4782373011324488,0.2548685001952498,True,0.7285957748849662,2.0288853601516412,1.3016176348630886,0.5,a,,LightGBM+availability
599,Cherif,Coventry City,FWD,5,Nott'm Forest,0,5.0,1.457852109015724,0.2915704218031448,True,0.5797901050811551,2.5144480670494773,0.7372300563282336,0.1,a,,ElasticNet+availability
119,Costinha,Brighton,DEF,5,Arsenal,1,4.5,1.4485449249586095,0.3218988722130243,True,0.557568554897374,2.5979673929517575,0.9543506509145036,0.0,a,,LightGBM+availability
617,Cho,Hull City,MID,5,Newcastle,0,5.0,1.4472170747135793,0.28944341494271586,True,0.7840850006550172,1.8457400326553726,1.730099849312901,0.0,a,,LightGBM+availability
619,Palacios,Ipswich Town,MID,5,Everton,0,5.0,1.445810907032915,0.289162181406583,True,0.5556629117049349,2.6019568277406675,2.495592792907115,0.1,a,,LightGBM+availability
499,Pedro Porro,Spurs,DEF,5,Aston Villa,1,5.4,1.4294017199108495,0.2647040222057129,True,0.48041837204329557,2.9753269297994938,2.2449794781141614,8.3,a,75.0,LightGBM+availability
570,Palacios,Fulham,MID,5,Man Utd,1,5.4,1.4249128850421457,0.2638727564892862,True,0.5763167687544725,2.472447380147635,1.4357876486215069,0.2,a,,LightGBM+availability
136,Welbeck,Chelsea,FWD,5,Brentford,0,5.9,1.4225929646195055,0.24111745163042464,True,0.6668624916560534,2.133262827673376,0.798477443640895,1.0,a,100.0,ElasticNet+availability
337,Aaronson,Leeds,MID,5,Crystal Palace,1,5.4,1.4176621112670962,0.2625300206050178,True,0.7351124796531038,1.9284968634134527,1.3846085665336567,0.5,a,,LightGBM+availability
541,Meunier,Sunderland,DEF,5,Man City,0,4.5,1.4141971444610695,0.3142660321024599,True,0.7604099375946429,1.8597825653548277,2.063886625976698,0.3,a,100.0,LightGBM+availability
515,Maddison,Spurs,MID,5,Aston Villa,1,6.3,1.3949015149764483,0.22141293888515054,True,0.6663396454826868,2.0933791414527074,1.251116115072765,0.4,a,100.0,LightGBM+availability
51,George Hemmings,Aston Villa,MID,5,Spurs,0,4.5,1.375252769903048,0.30561172664512176,True,0.711646596623535,1.9324939884881713,1.5524602788173916,1.3,a,,LightGBM+availability
577,Tomiyasu,Crystal Palace,DEF,5,Leeds,0,4.4,1.3414127322928464,0.30486653006655595,True,0.6348937140801165,2.1128146373860224,1.0850920609061334,0.3,a,,LightGBM+availability
71,Cook,Bournemouth,MID,5,Liverpool,1,5.0,1.3143955027089316,0.2628791005417863,True,0.6967827517393573,1.8863777833590836,1.2028746381838227,0.2,a,,LightGBM+availability
643,Chilwell,Crystal Palace,DEF,5,Leeds,0,4.5,1.3082184430391066,0.2907152095642459,True,0.6681131652033574,1.9580791266714774,1.4200952048013837,0.5,a,,LightGBM+availability
262,Smith Rowe,Fulham,MID,5,Man Utd,1,5.4,1.3035239072583515,0.24139331615895399,True,0.6966602479216258,1.8711041876541774,1.1730448226091565,0.2,a,,LightGBM+availability
224,Nketiah,Crystal Palace,FWD,5,Leeds,0,5.5,1.2917082164191405,0.23485603934893462,True,0.559591761481987,2.3083045629518617,1.0771383849725926,0.5,a,100.0,ElasticNet+availability
318,Philogene,Ipswich Town,MID,5,Everton,0,5.4,1.2837100358607645,0.23772408071495638,True,0.7201994588414634,1.78243682371795,1.2182659861463347,0.1,a,100.0,LightGBM+availability
91,Pinnock,Coventry City,DEF,5,Nott'm Forest,0,4.5,1.28333742482795,0.2851860944062111,True,0.8231638830042534,1.5590302870726398,2.149140089269354,0.1,a,,LightGBM+availability
157,Estêvão,Chelsea,MID,5,Brentford,0,6.3,1.2818125747532196,0.203462313452892,True,0.7109414631437782,1.8029790653720679,1.3315317719044906,0.7,a,,LightGBM+availability
646,Fofana,Sunderland,MID,5,Man City,0,5.5,1.2809010170583062,0.23289109401060112,True,0.6209438876791182,2.062828932652656,1.2572769853306254,0.0,a,,LightGBM+availability
75,Christie,Bournemouth,MID,5,Liverpool,1,5.0,1.2311406757883763,0.24622813515767525,True,0.6857831003601845,1.7952333254373882,1.35013793327762,0.0,a,100.0,LightGBM+availability
17,Merino,Arsenal,MID,5,Brighton,0,5.8,1.2234398018619492,0.21093789687274989,True,0.6968044832778363,1.7557863521583115,1.0390609371195134,0.4,a,,LightGBM+availability
568,Barco,Chelsea,MID,5,Brentford,0,5.4,1.1846548395639,0.21938052584516665,True,0.6837190955626817,1.7326630881779925,1.113850704893775,0.1,a,,LightGBM+availability
575,Yirenkyi,Coventry City,MID,5,Nott'm Forest,0,4.9,1.1833011186954832,0.24149002422356797,True,0.7735458467211732,1.529710389773455,1.5237364964307574,0.2,a,,LightGBM+availability
440,Zirkzee,Man Utd,FWD,5,Fulham,0,5.4,1.1607940858756252,0.21496186775474538,True,0.5143667355960313,2.256744080720024,0.551051781564743,0.4,a,,ElasticNet+availability
19,Zubimendi,Arsenal,MID,5,Brighton,0,5.3,1.1563579475873393,0.2181807448277999,True,0.737718711959226,1.5674781306770644,1.181579261280124,0.6,a,,LightGBM+availability
585,Herrington,Hull City,DEF,5,Newcastle,0,4.0,1.1522968017911317,0.2880742004477829,True,0.6393364419966641,1.8023324279662196,1.1715597982365458,0.6,a,,LightGBM+availability
81,Rodríguez,Bournemouth,FWD,5,Liverpool,1,6.0,1.1515116831901497,0.19191861386502496,True,0.5182207391954502,2.2220486292731136,0.7383431956475783,0.1,a,100.0,ElasticNet+availability
108,Wilson,Brentford,FWD,5,Chelsea,1,5.5,1.116957051350586,0.2030831002455611,True,0.4889203161781244,2.2845380205956793,0.5320363175329785,0.3,a,,ElasticNet+availability
263,Kevin,Fulham,MID,5,Man Utd,1,5.3,1.1125612660371522,0.20991722000700985,True,0.6321797237742636,1.7598812872309417,1.145393603796411,0.0,a,,LightGBM+availability
173,Thomas,Coventry City,DEF,5,Nott'm Forest,0,4.0,1.1108116194033542,0.27770290485083854,True,0.8058893069509215,1.3783674877212415,2.3932104218335692,8.7,a,,LightGBM+availability
53,Manzambi,Aston Villa,MID,5,Spurs,0,5.9,1.1103108673552218,0.18818828260257994,True,0.5,2.2206217347104436,1.331611086840219,0.1,a,50.0,LightGBM+availability
488,I.Sangaré,Nott'm Forest,MID,5,Coventry City,1,4.9,1.0973067172700814,0.22394014638164925,True,0.5333098040899279,2.057540868093719,0.8982266852882345,0.5,a,100.0,LightGBM+availability
583,Chavarria,Chelsea,DEF,5,Brentford,0,4.9,1.0938760032706214,0.22324000066747374,True,0.5305977402308102,2.061591899721972,1.259951857486287,0.1,a,,LightGBM+availability
600,Osman,Brighton,MID,5,Arsenal,1,5.0,1.0904998156458379,0.21809996312916757,True,0.6798938062807316,1.6039266802727203,1.1898116339737403,0.0,a,,LightGBM+availability
289,Crooks,Hull City,MID,5,Newcastle,0,4.5,1.0736790360383228,0.2385953413418495,True,0.5595319926148231,1.918887660061708,1.1537361046955368,0.5,a,100.0,LightGBM+availability
11,Mosquera,Arsenal,DEF,5,Brighton,0,5.3,1.0713764663040877,0.20214650307624296,True,0.3899220728498439,2.747668164753183,1.027522733166772,1.7,a,50.0,LightGBM+availability
589,Gourna-Douath,Hull City,MID,5,Newcastle,0,5.0,1.06415970484882,0.21283194096976402,True,0.5214125492625037,2.0409169406336476,1.165036677994859,0.0,a,,LightGBM+availability
641,Bard,Leeds,DEF,5,Crystal Palace,1,4.5,1.0626462977294353,0.2361436217176523,True,0.4669241917511902,2.2758433092618326,1.070080465422026,0.0,a,,LightGBM+availability
637,Vaz,Hull City,FWD,5,Newcastle,0,5.0,1.0481715968482772,0.20963431936965543,True,0.542763581675661,1.931175252422578,0.34785020988168025,0.1,a,,ElasticNet+availability
498,Senesi,Spurs,DEF,5,Aston Villa,1,5.8,1.0475393742150938,0.18061023693363687,True,0.27019530026978905,3.8769711137430205,0.9809956626300292,3.8,a,,LightGBM+availability
32,Cash,Aston Villa,DEF,5,Spurs,0,4.4,1.0467017742960787,0.23788676688547242,True,0.6738413523798235,1.5533356191326253,1.169771424510378,5.0,a,75.0,LightGBM+availability
343,James,Leeds,MID,5,Crystal Palace,1,4.9,0.9991426875888714,0.20390667093650436,True,0.4622041411990277,2.161691336206862,1.1127488768444402,0.1,a,,LightGBM+availability
592,Ouattara,Ipswich Town,DEF,5,Everton,0,4.0,0.9947756378757957,0.24869390946894893,True,0.47780418868563523,2.0819734557209895,1.0730817951004692,0.9,a,,LightGBM+availability
14,Eze,Arsenal,MID,5,Brighton,0,6.3,0.9925050343767058,0.15754048164709616,True,0.5501598859408097,1.8040301733003612,1.1064674355879627,1.1,a,,LightGBM+availability
72,Gannon-Doak,Bournemouth,MID,5,Liverpool,1,4.9,0.9783154385932674,0.19965621195780967,True,0.5990879203837043,1.6330081200213071,1.0301198893818977,0.1,a,,LightGBM+availability
635,Larsson,Fulham,MID,5,Man Utd,1,5.0,0.9735822059421461,0.1947164411884292,True,0.5894684916203144,1.6516272197450124,0.9523039925953252,0.0,a,,LightGBM+availability
364,Tsimikas,Liverpool,DEF,5,Bournemouth,0,4.9,0.9676886287060877,0.19748747524614035,True,0.5308783553933967,1.8228067105674362,0.9566549401301996,0.1,a,,LightGBM+availability
240,Iroegbunam,Hull City,MID,5,Newcastle,0,5.0,0.9669199300535322,0.19338398601070644,True,0.619466024900997,1.5608925932750957,0.9951793104081624,0.0,a,100.0,LightGBM+availability
616,Bouaddi,Man City,MID,5,Sunderland,1,5.5,0.9649467469752896,0.1754448630864163,True,0.4603073738588473,2.0963095569943864,0.6606956659476932,0.2,a,,LightGBM+availability
74,Brooks,Bournemouth,MID,5,Liverpool,1,5.0,0.9640107655445995,0.1928021531089199,True,0.5764049998360586,1.6724538576500618,0.9087580281692345,0.1,a,100.0,LightGBM+availability
328,Struijk,Brighton,DEF,5,Arsenal,1,4.9,0.9610577964396783,0.1961342441713629,True,0.46693775170611856,2.0582139544899105,1.0239160869669068,0.2,a,100.0,LightGBM+availability
301,Palmer,Ipswich Town,GK,5,Everton,0,4.0,0.9210815107475349,0.23027037768688371,True,0.25522306870195105,3.6089273412160554,0.5763311404201577,4.0,a,,ElasticNet+availability
519,Gallagher,Spurs,MID,5,Aston Villa,1,5.3,0.9206772986533963,0.17371269785913138,True,0.42531900602279116,2.1646747161918762,0.9855948011913419,0.2,a,,LightGBM+availability
422,Mazraoui,Man Utd,DEF,5,Fulham,0,4.4,0.911185325087305,0.2070875738834784,True,0.37847073538632886,2.407544995935289,0.8223665745052186,0.5,a,,LightGBM+availability
190,Tchaouna,Coventry City,MID,5,Nott'm Forest,0,5.4,0.8951030108626333,0.16575981682641358,True,0.5391576694236552,1.6601878478692031,1.052653767791094,0.1,a,,LightGBM+availability
253,Andersen,Fulham,DEF,5,Man Utd,1,5.0,0.882853713298417,0.1765707426596834,True,0.3809923241108336,2.3172480321193767,1.1086426305736528,0.1,a,100.0,LightGBM+availability
620,Diouf,Brentford,DEF,5,Chelsea,1,4.5,0.8701851326342719,0.19337447391872709,True,0.47278156835466295,1.8405648419472473,0.8857386193739031,0.1,a,,LightGBM+availability
228,King,Everton,GK,5,Ipswich Town,1,4.5,0.8597296616245315,0.19105103591656256,True,0.2929342347295694,2.9348896772622544,1.0563309346889633,0.0,a,,ElasticNet+availability
188,Torp,Coventry City,MID,5,Nott'm Forest,0,5.4,0.8537334522375609,0.15809878745140016,True,0.5635889623911052,1.514815777469234,0.9031402854132484,0.1,a,,LightGBM+availability
160,Garnacho,Aston Villa,MID,5,Spurs,0,5.8,0.8486093551262123,0.14631195778038142,True,0.4516715084902367,1.8788197598798857,0.7668099849935692,0.3,a,,LightGBM+availability
162,Andrey Santos,Man Utd,MID,5,Fulham,0,4.8,0.8394311891929322,0.17488149774852757,True,0.5238746562608672,1.6023512097041233,0.860449035041564,0.6,a,,LightGBM+availability
571,Florentino,Ipswich Town,MID,5,Everton,0,4.9,0.8333058638022256,0.17006242118412765,True,0.5524121395765235,1.5084857918601027,1.0004127610090767,0.1,a,100.0,LightGBM+availability
126,O'Riley,Brighton,MID,5,Arsenal,1,5.4,0.8171144845297762,0.15131749713514372,True,0.4541224624740623,1.7993262876232348,0.8376800320689776,0.1,a,,LightGBM+availability
420,Yoro,Man Utd,DEF,5,Fulham,0,4.9,0.8162694542448548,0.1665856029071132,True,0.3411974861613028,2.3923665541280084,0.7482530491889079,0.5,a,,LightGBM+availability
33,Mings,Aston Villa,DEF,5,Spurs,0,4.5,0.8015646042441466,0.17812546760981035,True,0.5907173359678071,1.3569342821654218,1.6304167138931203,0.4,a,,LightGBM+availability
320,Akpom,Ipswich Town,FWD,5,Everton,0,5.0,0.800973795048229,0.1601947590096458,True,0.3582974624017918,2.235499491620802,0.720688629026676,1.2,a,,ElasticNet+availability
506,Udogie,Spurs,DEF,5,Aston Villa,1,4.4,0.7643722147989563,0.1737209579088537,True,0.4317206113520581,1.7705251838801568,1.0062509723682314,0.3,a,75.0,LightGBM+availability
594,David,Brighton,FWD,5,Arsenal,1,6.0,0.7608182969873183,0.12680304949788637,True,0.330883621850113,2.299353146381967,0.5861306634540506,0.2,a,,ElasticNet+availability
203,Canvot,Crystal Palace,DEF,5,Leeds,0,4.9,0.7604766412912077,0.15519931454922606,True,0.38771459851407375,1.961434117275321,0.9538940139581334,0.2,a,,LightGBM+availability
339,Longstaff,Leeds,MID,5,Crystal Palace,1,4.9,0.7488086495281469,0.15281809174043812,True,0.4781392802865397,1.5660889627796324,0.692599260939423,0.1,a,,LightGBM+availability
25,Gyökeres,Arsenal,FWD,5,Brighton,0,7.2,0.7450692101755203,0.10348183474660004,True,0.31793771383535546,2.34344394437382,0.3167522606793469,3.2,a,,ElasticNet+availability
559,Bamba,Newcastle,MID,5,Hull City,1,4.9,0.7419018596487458,0.15140854278545832,True,0.4911657901112711,1.510491721096194,0.767958236775967,0.1,a,,LightGBM+availability
608,Jebbison,Bournemouth,FWD,5,Liverpool,1,5.0,0.7339474810677257,0.14678949621354515,True,0.3350508299225843,2.1905556277455247,0.47391605175376594,0.1,a,,ElasticNet+availability
595,Gozo,Crystal Palace,MID,5,Leeds,0,5.0,0.7331114905696229,0.14662229811392458,True,0.4913604589250644,1.492003430991233,0.7324824975141794,0.0,a,,LightGBM+availability
16,Madueke,Arsenal,MID,5,Brighton,0,6.2,0.7235308320433463,0.11669852129731392,True,0.43673807803782594,1.6566699090997998,0.5182029398375695,0.2,a,,LightGBM+availability
478,Netz,Nott'm Forest,DEF,5,Coventry City,1,4.4,0.7109745356914849,0.16158512174806475,True,0.2921271954843698,2.4337841415710493,0.6281501441388329,0.0,a,,LightGBM+availability
423,Shaw,Man Utd,DEF,5,Fulham,0,4.4,0.7045972733281815,0.16013574393822305,True,0.31179057213184247,2.259841497164444,1.3044273847727743,8.7,d,75.0,LightGBM+availability
151,Acheampong,Chelsea,DEF,5,Brentford,0,4.5,0.680917280288011,0.15131495117511357,True,0.389137878072737,1.7498098197491203,1.0457164463217108,0.4,a,,LightGBM+availability
406,Kovačić,Man City,MID,5,Sunderland,1,5.4,0.6789960318422714,0.1257400058967169,True,0.35009650053125785,1.9394539243092155,0.44088330190178565,0.1,a,,LightGBM+availability
213,Lerma,Crystal Palace,MID,5,Leeds,0,4.9,0.6779191840497795,0.1383508538877101,True,0.4576936723392305,1.481163548940925,0.6353609130679615,0.1,a,,LightGBM+availability
323,McAteer,Ipswich Town,MID,5,Everton,0,4.5,0.6746983870433899,0.14993297489853108,True,0.5101458355146558,1.3225598251972925,0.7564412018116767,1.1,a,,LightGBM+availability
375,Nyoni,Liverpool,MID,5,Bournemouth,0,4.9,0.6726699254759988,0.13727957662775483,True,0.4234732721602034,1.588458988319627,0.5862858728994279,0.0,a,,LightGBM+availability
243,Alcaraz,Everton,MID,5,Ipswich Town,1,4.9,0.6526861166326351,0.1332012482923745,True,0.4020973137463899,1.623204369488268,0.35936792050207345,0.1,a,,LightGBM+availability
396,Vitor Reis,Man City,DEF,5,Sunderland,1,4.5,0.6307337394343527,0.14016305320763395,True,0.23271776957625445,2.7102947084050695,0.44650555646061535,0.0,a,,LightGBM+availability
212,Hughes,Crystal Palace,MID,5,Leeds,0,4.4,0.6268051570923536,0.14245571752098946,True,0.44094331276773485,1.4215096111969403,0.9438506886333616,7.8,a,,LightGBM+availability
381,Koumas,Liverpool,MID,5,Bournemouth,0,5.0,0.6141596968977523,0.12283193937955046,True,0.382434523135235,1.605921170146492,0.47627955646094744,0.0,a,,LightGBM+availability
9,Hincapie,Arsenal,DEF,5,Brighton,0,5.3,0.6107117304662918,0.11522862838986637,True,0.3482083608156885,1.7538686579371077,0.9771771924882224,0.9,a,,LightGBM+availability
446,Schär,Newcastle,DEF,5,Hull City,1,4.9,0.6076320111222464,0.1240065328820911,True,0.2176255331146428,2.7920988977067887,0.2985112669022498,0.2,a,100.0,LightGBM+availability
584,Hamer,Coventry City,MID,5,Nott'm Forest,0,5.4,0.5974171002618536,0.11063279634478769,True,0.3977382650962061,1.5020357674596598,0.7012716390457593,0.1,a,,LightGBM+availability
621,McAidoo,Man City,MID,5,Sunderland,1,4.5,0.5897568356566708,0.1310570745903713,True,0.374379217212523,1.575292667279351,0.5902458554240466,0.1,a,,LightGBM+availability
5,J.Timber,Arsenal,DEF,5,Brighton,0,6.5,0.5866870665168482,0.09025954869489973,True,0.25,2.346748266067393,1.4707846390213617,0.3,a,25.0,LightGBM+availability
482,Hudson-Odoi,Nott'm Forest,MID,5,Coventry City,1,5.8,0.5864758391164268,0.10111652398559082,True,0.2546141797566421,2.303390328366531,0.3219082836012641,0.2,a,100.0,LightGBM+availability
647,Osorio,Crystal Palace,MID,5,Leeds,0,5.5,0.584324514373828,0.10624082079524146,True,0.34831882376458945,1.6775565215181782,0.41513902811601544,0.0,a,,LightGBM+availability
269,Sessegnon,Fulham,DEF,5,Man Utd,1,4.4,0.5829083139712079,0.13247916226618361,True,0.38875636200308195,1.4994180698876556,0.9338409119525033,0.3,d,75.0,LightGBM+availability
147,Tosin,Spurs,DEF,5,Aston Villa,1,4.4,0.5817544930882345,0.132216930247326,True,0.347566030703189,1.673795600540248,0.9522154465485255,0.2,a,,LightGBM+availability
207,Mingueza,Crystal Palace,DEF,5,Leeds,0,4.4,0.5787413562934975,0.13153212643034035,True,0.3496631934322593,1.655139480402926,0.6191868087592521,0.1,a,,LightGBM+availability
309,Núñez,Ipswich Town,MID,5,Everton,0,4.9,0.5735990444635021,0.11706102948234735,True,0.3274183226297612,1.751884377931157,0.6883837155403568,0.1,a,,LightGBM+availability
622,Braithwaite,Man City,DEF,5,Sunderland,1,4.0,0.543533686714084,0.135883421678521,True,0.1918259416097406,2.8334733151988045,0.591808195999881,0.2,a,,LightGBM+availability
638,Norton-Cuffy,Hull City,DEF,5,Newcastle,0,4.0,0.5407518592748859,0.13518796481872147,True,0.3638614628461576,1.486147653684112,0.7140532859177331,0.3,a,,LightGBM+availability
534,Hume,Sunderland,DEF,5,Man City,0,4.4,0.5091255062173758,0.11571034232213087,True,0.3298869132889618,1.543333444608066,0.8504872063058061,3.1,a,,LightGBM+availability
596,Ruggeri,Aston Villa,DEF,5,Spurs,0,4.5,0.49926168525373604,0.1109470411674969,True,0.3788515870763731,1.317829203532119,0.7054613123243751,0.1,a,,LightGBM+availability
308,Furlong,Ipswich Town,DEF,5,Everton,0,3.9,0.49901649220732314,0.12795294671982646,True,0.2472728138310227,2.0180806958759847,0.5075075696079806,0.6,a,,LightGBM+availability
42,Guessand,Crystal Palace,MID,5,Leeds,0,5.4,0.4772448184799055,0.08837867008887139,True,0.2951026947176701,1.617216064178926,0.4393993179279701,0.0,a,,LightGBM+availability
232,O'Brien,Everton,DEF,5,Ipswich Town,1,4.9,0.46607720470633646,0.09511779687884417,True,0.35241396245060347,1.3225276361508087,0.685600652447453,0.3,a,,LightGBM+availability
125,Georginio,Brighton,FWD,5,Arsenal,1,5.4,0.46548359197293354,0.08620066518017287,True,0.14833128345271065,3.138134998483539,0.3443308170038526,0.5,a,75.0,ElasticNet+availability
241,McNeil,Crystal Palace,MID,5,Leeds,0,5.4,0.45636670053684986,0.08451235195126848,True,0.2964309739688863,1.5395378371787511,0.5379851106680298,0.1,a,,LightGBM+availability
548,Rigg,Sunderland,MID,5,Man City,0,4.9,0.45159404231260125,0.09216204945155126,True,0.2875430515565557,1.5705267084980457,0.39606614208429713,0.0,a,,LightGBM+availability
574,Hjertø-Dahl,Hull City,MID,5,Newcastle,0,4.9,0.45141423635375577,0.09212535435790933,True,0.30816523296761617,1.4648447912396174,0.4702110454019395,0.1,a,,LightGBM+availability
493,Kalimuendo,Nott'm Forest,FWD,5,Coventry City,1,5.4,0.4243404982614773,0.07858157375212542,True,0.15790355162304154,2.687339796349184,0.6014269102767804,0.1,a,,ElasticNet+availability
487,Dominguez,Nott'm Forest,MID,5,Coventry City,1,4.9,0.40727609552032373,0.08311757051435177,True,0.20865880661925373,1.9518758978790347,0.297897226628738,0.1,a,,LightGBM+availability
421,Heaven,Man Utd,DEF,5,Fulham,0,4.4,0.40630721226424144,0.09234254824187305,True,0.18056333322785953,2.250219936688405,0.39021618047172923,0.3,a,,LightGBM+availability
395,Lewis,Man City,DEF,5,Sunderland,1,4.4,0.4018725853192367,0.0913346784816447,True,0.1644618986584361,2.443560414888975,0.3657373007568865,0.2,a,,LightGBM+availability
628,Allan,Man City,MID,5,Sunderland,1,6.0,0.37488010622575274,0.06248001770429212,True,0.18301756321357845,2.048328584663068,0.15070415620920888,0.0,a,,LightGBM+availability
185,Sakamoto,Coventry City,MID,5,Nott'm Forest,0,4.8,0.36057158663813066,0.07511908054961056,True,0.23520828994084458,1.5329884279538584,0.4377223083335845,0.1,a,,LightGBM+availability
76,Tóth.A,Bournemouth,MID,5,Liverpool,1,4.9,0.34738451748325405,0.07089479948637838,True,0.2176172312693697,1.596309793378708,0.2986335697837897,0.0,a,,LightGBM+availability
89,Henry,Brentford,DEF,5,Chelsea,1,4.4,0.34308749101343256,0.07797442977578012,True,0.19274241128001962,1.7800311241047457,0.3350805289135683,0.2,a,,LightGBM+availability
549,Talbi,Sunderland,MID,5,Man City,0,5.3,0.34195436783870414,0.06451969204503852,True,0.2107491751847436,1.6225656282590217,0.31156871659969504,0.1,a,,LightGBM+availability
255,J.Cuenca,Fulham,DEF,5,Man Utd,1,4.5,0.3409191979482456,0.0757598217662768,True,0.19644163058259542,1.7354732646902127,0.6311578904150501,0.0,a,,LightGBM+availability
655,Gboho,Coventry City,MID,5,Nott'm Forest,0,5.5,0.34005127668429314,0.06182750485168966,True,0.1958394317823366,1.7363779785790998,0.11754587340592,0.0,a,,LightGBM+availability
435,Lacey,Man Utd,MID,5,Fulham,0,4.9,0.33391460420552005,0.06814583759296328,True,0.2104112887911365,1.5869614511842014,0.29820267382822324,0.1,a,,LightGBM+availability
535,Alderete,Sunderland,DEF,5,Man City,0,4.9,0.32774029140972444,0.06688577375708661,True,0.21728723264324065,1.5083274218317022,0.2864975725707546,0.2,a,100.0,LightGBM+availability
35,Bogarde,Aston Villa,MID,5,Spurs,0,5.0,0.32243455566518375,0.06448691113303676,True,0.20259245435203865,1.5915427684433854,0.30046308727323073,0.1,a,,LightGBM+availability
182,Amenda,Coventry City,DEF,5,Nott'm Forest,0,4.0,0.3212701569139691,0.08031753922849227,True,0.25,1.2850806276558764,2.134532953460262,0.7,d,25.0,LightGBM+availability
164,Quenda,Chelsea,MID,5,Brentford,0,5.3,0.3121618754979005,0.05889846707507557,True,0.2025382801552922,1.5412487716324863,0.295218937290625,0.0,a,100.0,LightGBM+availability
392,Aït-Nouri,Man City,DEF,5,Sunderland,1,5.3,0.2904862756434095,0.05480873125347349,True,0.09087507747022892,3.1965450124493606,0.14743315000809487,0.4,a,,LightGBM+availability
172,Wilson,Coventry City,GK,5,Nott'm Forest,0,4.4,0.27372540462401496,0.06221031923273067,True,0.09779621584908084,2.7989365666911707,0.34580005645493794,0.4,a,,ElasticNet+availability
62,Diakité,Bournemouth,DEF,5,Liverpool,1,5.0,0.22023153496772388,0.044046306993544775,True,0.08456314747481873,2.6043441090376227,0.11577113430578573,0.2,a,,LightGBM+availability
285,McNair,Hull City,DEF,5,Newcastle,0,4.0,0.21680709826215322,0.054201774565538305,True,0.12232750020430146,1.7723496180340448,0.3245533488391568,0.1,a,100.0,LightGBM+availability
321,Walle Egeli,Ipswich Town,FWD,5,Everton,0,4.5,0.20107373831825173,0.044683052959611495,True,0.09843796403198037,2.042644220607074,0.07672048001816623,3.7,a,,ElasticNet+availability
630,Harwood-Bellis,Aston Villa,DEF,5,Spurs,0,4.5,0.1780208712377664,0.03956019360839253,True,0.1218725944952563,1.4607129024786256,0.1012307595643093,0.0,a,,LightGBM+availability
158,Gittens,Chelsea,MID,5,Brentford,0,5.9,0.1711393760590743,0.029006673908317678,True,0.09519553732788223,1.7977667951977467,0.1213067135749924,0.0,a,,LightGBM+availability
556,Targett,Hull City,DEF,5,Newcastle,0,4.0,0.1682164292009037,0.04205410730022593,True,0.09796417436403392,1.7171218998469084,0.2926083480944286,1.7,d,75.0,LightGBM+availability
636,Ángel,Fulham,MID,5,Man Utd,1,5.0,0.16311584951879007,0.03262316990375801,True,0.10140928158903817,1.608490337007003,0.1265731788474561,0.0,a,,LightGBM+availability
573,Sanchez,Bournemouth,DEF,5,Liverpool,1,4.4,0.15862672882060294,0.036051529277409754,True,0.08743151277070106,1.8142969713519577,0.10243919059317057,0.2,a,,LightGBM+availability
645,Mouzakitis,Hull City,MID,5,Newcastle,0,5.0,0.14326829620257045,0.02865365924051409,True,0.09665224464686153,1.4823069730664824,0.1262030338559315,0.0,a,,LightGBM+availability
430,Mount,Man Utd,MID,5,Fulham,0,5.4,0.14110267526873532,0.0261301250497658,True,0.0839697552039268,1.6803987927088386,0.09717573621323962,0.0,a,100.0,LightGBM+availability
648,Bahoya,Leeds,MID,5,Crystal Palace,1,5.0,0.13538675719401966,0.02707735143880393,True,0.08549566438390116,1.5835511446064976,0.1262030338559315,0.0,a,,LightGBM+availability
561,Anselmino,Chelsea,DEF,5,Brentford,0,4.5,0.13528319612329293,0.03006293247184287,True,0.09700563428503205,1.3945911195816705,0.08976811850787851,0.0,a,100.0,LightGBM+availability
324,Mehmeti,Ipswich Town,MID,5,Everton,0,4.9,0.1335305634660956,0.027251135401244,True,0.09180108036200275,1.4545641831178824,0.09729565660246618,0.0,a,,LightGBM+availability
310,Matusiwa,Ipswich Town,MID,5,Everton,0,4.9,0.1335305634660956,0.027251135401244,True,0.09180108036200275,1.4545641831178824,0.09729565660246618,0.0,a,100.0,LightGBM+availability
539,O'Nien,Sunderland,DEF,5,Man City,0,4.0,0.1322198003114704,0.0330549500778676,True,0.1505344908912947,0.8783355862740462,0.3151306480946313,2.4,a,,LightGBM+availability
120,Svoboda,Brighton,DEF,5,Arsenal,1,5.0,0.1305717772476356,0.026114355449527123,True,0.058753021706929705,2.2223840315643737,0.10346503838256225,0.1,a,,LightGBM+availability
657,Nunes,Brentford,MID,5,Chelsea,1,4.5,0.1264092965561402,0.028090954790253378,True,0.08372678888886537,1.5097831677735711,0.2407249851657795,0.0,a,,LightGBM+availability
245,Dibling,Everton,MID,5,Ipswich Town,1,5.4,0.11270309842484215,0.020870944152748545,True,0.07109027340321737,1.5853518776837547,0.09717573621323962,0.0,a,,LightGBM+availability
658,Ibrahim,Brighton,MID,5,Arsenal,1,4.5,0.11063770595621067,0.024586156879157925,True,0.06959663329259899,1.5896991093098758,0.2407249851657795,0.0,a,,LightGBM+availability
92,Ji-soo,Brentford,DEF,5,Chelsea,1,4.5,0.10222508840937712,0.022716686313194914,True,0.061014569506403764,1.675420956606899,0.09013309466994711,0.0,a,,LightGBM+availability
659,Miley,Newcastle,MID,5,Hull City,1,4.5,0.10181967532098771,0.022626594515775048,True,0.06742514693313417,1.5101142519120165,0.2407249851657795,0.0,a,,LightGBM+availability
20,Dowman,Arsenal,MID,5,Brighton,0,5.3,0.10144683921097061,0.0191409130586737,True,0.06736100739906696,1.5060172513449641,0.09729565660246618,0.1,a,,LightGBM+availability
442,Pope,Newcastle,GK,5,Hull City,1,4.9,0.10046926883425472,0.020503932415154025,True,0.02888655414463061,3.478063473103101,0.11381083956090443,1.0,a,,ElasticNet+availability
612,Methalie,Sunderland,DEF,5,Man City,0,4.5,0.09451046337311872,0.02100232519402638,True,0.08613040672186997,1.0972949852461442,0.08976811850787851,0.0,a,100.0,LightGBM+availability
374,Endo,Liverpool,MID,5,Bournemouth,0,4.9,0.08909577293497863,0.01818281080305686,True,0.05608943862581545,1.588458988319627,0.09729565660246618,0.1,a,100.0,LightGBM+availability
434,J.Fletcher,Man Utd,MID,5,Fulham,0,4.9,0.08660690570943279,0.017674878716210773,True,0.05457404503732975,1.5869614511842014,0.09729565660246618,0.0,a,,LightGBM+availability
653,Samba,Man City,MID,5,Sunderland,1,4.5,0.08597399859566787,0.019105333021259528,True,0.052146517644925415,1.6487006703128209,0.11754587340592,0.0,a,,LightGBM+availability
550,Jocelin.T,Sunderland,MID,5,Man City,0,5.0,0.08298509650788083,0.016597019301576164,True,0.05225798304602852,1.5879888903249106,0.09729565660246618,0.0,a,,LightGBM+availability
654,Graham,Everton,MID,5,Ipswich Town,1,4.5,0.08206065440419541,0.018235700978710093,True,0.056259563140641844,1.4586080983077327,0.11754587340592,0.1,a,,LightGBM+availability
614,Hadjam,Brighton,DEF,5,Arsenal,1,4.5,0.08164850913728502,0.018144113141618894,True,0.04616832779890712,1.7684961320868495,0.09013309466994711,0.0,a,,LightGBM+availability
117,Coppola,Brighton,DEF,5,Arsenal,1,4.5,0.08164850913728502,0.018144113141618894,True,0.04616832779890712,1.7684961320868495,0.09013309466994711,0.0,a,,LightGBM+availability
340,Gelhardt,Hull City,MID,5,Newcastle,0,5.0,0.07941794180506509,0.01588358836101302,True,0.0535772571053696,1.4823069730664824,0.09729565660246618,0.0,a,100.0,LightGBM+availability
100,Carvalho,Brentford,MID,5,Chelsea,1,5.0,0.0765815715749547,0.015316314314990939,True,0.0509935950134979,1.5017880491595799,0.09729565660246618,0.0,a,100.0,LightGBM+availability
344,Gruev,Leeds,MID,5,Crystal Palace,1,5.0,0.07576942837071367,0.015153885674142734,True,0.0478477936306515,1.5835511446064976,0.09729565660246618,0.0,a,25.0,LightGBM+availability
218,Doucouré,Crystal Palace,MID,5,Leeds,0,4.9,0.07470643649549404,0.015246211529692659,True,0.050437668783377305,1.481163548940925,0.09729565660246618,0.0,a,,LightGBM+availability
292,Ömür,Hull City,MID,5,Newcastle,0,4.9,0.07218782229169168,0.014732208630957486,True,0.049280184988474515,1.4648447912396174,0.09729565660246618,0.0,a,,LightGBM+availability
231,Keane,Everton,DEF,5,Ipswich Town,1,4.8,0.07146361386979404,0.014888252889540425,True,0.056207775144797564,1.2714186549048725,0.10346503838256225,0.8,a,,LightGBM+availability
555,Matthews,Crystal Palace,GK,5,Leeds,0,4.0,0.06909382325003692,0.01727345581250923,True,0.025814406058518875,2.6765606418914927,-0.1766950215984031,1.7,a,,ElasticNet+availability
524,Olusesi,Spurs,MID,5,Aston Villa,1,4.4,0.06732911121933065,0.015302070731666055,True,0.037964281944852026,1.7734857020905808,0.08863849615245477,1.1,a,,LightGBM+availability
438,Fletcher,Man Utd,MID,5,Fulham,0,4.4,0.06556517187474388,0.014901175426078153,True,0.043999259176700695,1.490142631980112,0.08863849615245477,0.3,a,,LightGBM+availability
626,Zepa,Fulham,MID,5,Man Utd,1,4.5,0.06227894897041339,0.013839766437869641,True,0.04193835792911096,1.4850116229081844,0.11754587340592,0.3,a,,LightGBM+availability
302,Button,Ipswich Town,GK,5,Everton,0,4.0,0.06145213768609003,0.015363034421522507,True,0.022118735242718273,2.778284427737374,-0.1276930286443756,0.6,a,,ElasticNet+availability
300,Walton,Ipswich Town,GK,5,Everton,0,4.4,0.06039454589648701,0.013726033158292501,True,0.02304423769663083,2.6208090148851815,-0.028708262336303525,0.4,a,,ElasticNet+availability
651,J.Angulo,Sunderland,FWD,5,Man City,0,4.5,0.05969807072619108,0.013266237939153573,True,0.028035945017432458,2.12934041242667,-0.37087249151133106,0.8,a,,ElasticNet+availability
378,McConnell,Liverpool,MID,5,Bournemouth,0,4.4,0.056408889804583084,0.012820202228314335,True,0.03776192998005823,1.4938031460354957,0.08863849615245477,0.2,a,,LightGBM+availability
325,Darlow,Man Utd,GK,5,Fulham,0,4.5,0.05583458977589727,0.01240768661686606,True,0.018949716498071513,2.9464604276047863,0.07813195523412775,0.0,a,100.0,ElasticNet+availability
560,Penders,Chelsea,GK,5,Brentford,0,4.4,0.05505687388812782,0.012512925883665413,True,0.026522924003921873,2.075822178579809,-0.07189745160510186,0.1,a,,ElasticNet+availability
270,Reed,Fulham,MID,5,Man Utd,1,4.4,0.055054928690407984,0.012512483793274541,True,0.037073735882679974,1.4850116229081844,0.08863849615245477,1.2,a,,LightGBM+availability
134,Oriola,Brighton,MID,5,Arsenal,1,4.5,0.05480468599828356,0.01217881911072968,True,0.03768202030188494,1.4543988236093093,0.08863849615245477,0.2,a,,LightGBM+availability
303,Kipré,Ipswich Town,DEF,5,Everton,0,3.9,0.05355322473416296,0.013731596085682812,True,0.027340322400850627,1.9587634684401813,0.08671777151172688,1.1,a,,LightGBM+availability
444,Jaouen,Newcastle,GK,5,Hull City,1,4.5,0.052057170293931004,0.011568260065318001,True,0.015226834910264532,3.418778137460389,0.01482607325283225,0.0,d,50.0,ElasticNet+availability
443,Gillespie,Newcastle,GK,5,Hull City,1,4.5,0.052057170293931004,0.011568260065318001,True,0.015226834910264532,3.418778137460389,0.01482607325283225,0.0,a,,ElasticNet+availability
489,Yates,Nott'm Forest,MID,5,Coventry City,1,4.5,0.05024601907734372,0.011165782017187494,True,0.02705887338462557,1.856914675017206,0.08863849615245477,1.2,a,100.0,LightGBM+availability
601,Williams-Barnett,Spurs,MID,5,Aston Villa,1,4.5,0.04932779391554004,0.01096173198123112,True,0.027814035296361596,1.7734857020905808,0.08863849615245477,0.1,a,,LightGBM+availability
656,Mfuni,Coventry City,DEF,5,Nott'm Forest,0,4.0,0.04863191444258572,0.01215797861064643,True,0.03865558596894106,1.258082453637113,0.08671777151172688,0.1,a,,LightGBM+availability
111,Steele,Brighton,GK,5,Arsenal,1,4.0,0.048600564008631345,0.012150141002157836,True,0.020784862112725358,2.338267328647615,-0.16757743402318304,4.3,a,,ElasticNet+availability
625,Cairns,Leeds,GK,5,Crystal Palace,1,4.0,0.04641046823576996,0.01160261705894249,True,0.014143784658134241,3.2813330630764947,-0.1847351791870928,0.2,a,,ElasticNet+availability
629,Zetterer,Leeds,GK,5,Crystal Palace,1,4.0,0.04641046823576996,0.01160261705894249,True,0.014143784658134241,3.2813330630764947,-0.1847351791870928,0.8,a,,ElasticNet+availability
50,Burrowes,Aston Villa,MID,5,Spurs,0,4.5,0.04613573130648396,0.010252384734774213,True,0.031020251309180267,1.4872778059290046,0.08863849615245477,0.6,a,,LightGBM+availability
613,Ahoka,Sunderland,MID,5,Man City,0,4.5,0.045064276581350024,0.01001428368474445,True,0.03053402408908203,1.4758708662139144,0.08863849615245477,0.2,a,,LightGBM+availability
615,Di Gregorio,Bournemouth,GK,5,Liverpool,1,4.5,0.04452590191343141,0.009894644869651423,True,0.015071184742835734,2.954373041880289,-0.022941840365952926,0.0,a,,ElasticNet+availability
83,Valdimarsson,Brentford,GK,5,Chelsea,1,4.5,0.04397235209808391,0.009771633799574202,True,0.014364812641471682,3.061115602102202,-0.010869587243087953,0.1,a,,ElasticNet+availability
476,O.Richards,Nott'm Forest,DEF,5,Coventry City,1,4.0,0.043638211400586734,0.010909552850146683,True,0.01723375356541514,2.5321362078752427,0.08671777151172688,0.2,a,,LightGBM+availability
382,Danns,Liverpool,FWD,5,Bournemouth,0,4.5,0.04362563301681774,0.009694585114848386,True,0.021066092661715483,2.0708934360713647,-0.13015737778705216,0.2,a,100.0,ElasticNet+availability
189,Shepherd,Coventry City,MID,5,Nott'm Forest,0,4.4,0.04333103409407137,0.00984796229410713,True,0.03018167213300321,1.4356737394509542,0.08863849615245477,0.3,a,,LightGBM+availability
508,Davies,Spurs,DEF,5,Aston Villa,1,4.0,0.04140145873372248,0.01035036468343062,True,0.020039357660951773,2.0660072759915056,0.08671777151172688,0.8,a,,LightGBM+availability
386,Bettinelli,Man City,GK,5,Sunderland,1,4.5,0.04131866116909093,0.00918192470424243,True,0.01160728398837404,3.559718295035778,0.08010152272882931,0.0,a,,ElasticNet+availability
272,Kusi-Asare,Fulham,FWD,5,Man Utd,1,4.5,0.040622161362360944,0.009027146969413542,True,0.02007098256145699,2.023924899440105,-0.07157562821604557,5.7,a,,ElasticNet+availability
221,Drakes-Thomas,Crystal Palace,MID,5,Leeds,0,4.5,0.04019032293371356,0.008931182874158568,True,0.0291221062034858,1.3800623709319122,0.08863849615245477,0.1,a,,LightGBM+availability
509,Byfield,Spurs,DEF,5,Aston Villa,1,4.0,0.03801255788527293,0.009503139471318232,True,0.018285957818909463,2.0787840736438885,0.08671777151172688,0.1,a,,LightGBM+availability
510,Rowswell,Spurs,DEF,5,Aston Villa,1,4.0,0.03801255788527293,0.009503139471318232,True,0.018285957818909463,2.0787840736438885,0.08671777151172688,0.1,a,,LightGBM+availability
294,Zambrano,Hull City,MID,5,Newcastle,0,4.5,0.03755602535563641,0.008345783412363646,True,0.027442334439953513,1.3685433882388043,0.08863849615245477,0.1,a,100.0,LightGBM+availability
288,Dowell,Hull City,MID,5,Newcastle,0,4.5,0.03755602535563641,0.008345783412363646,True,0.027442334439953513,1.3685433882388043,0.08863849615245477,0.3,a,,LightGBM+availability
623,Bentley,Coventry City,GK,5,Nott'm Forest,0,4.0,0.03658941835101998,0.009147354587754996,True,0.015605211781484942,2.3446922004885633,-0.17356875234447533,0.6,a,,ElasticNet+availability
66,Soler,Bournemouth,DEF,5,Liverpool,1,4.0,0.03643635714613438,0.009109089286533594,True,0.022939132583748318,1.5883929792510305,0.08671777151172688,0.3,a,100.0,LightGBM+availability
604,Cresswell,Leeds,MID,5,Crystal Palace,1,4.5,0.03638482249795535,0.008085516110656743,True,0.02512037170479921,1.4484189535700254,0.08863849615245477,0.1,a,,LightGBM+availability
531,Ellborg,Sunderland,GK,5,Man City,0,4.5,0.03295974092037216,0.007324386871193814,True,0.012567322511685484,2.6226541802937877,-0.04609946785303953,0.1,a,,ElasticNet+availability
179,Latibeaudiere,Coventry City,DEF,5,Nott'm Forest,0,4.0,0.0317265820766904,0.0079316455191726,True,0.02686674476840719,1.180886718885197,0.08671777151172688,0.0,a,,LightGBM+availability
178,Bidwell,Coventry City,DEF,5,Nott'm Forest,0,4.0,0.0317265820766904,0.0079316455191726,True,0.02686674476840719,1.180886718885197,0.08671777151172688,0.1,a,,LightGBM+availability
351,Mamardashvili,Liverpool,GK,5,Bournemouth,0,4.9,0.03161328864664873,0.0064516915605405565,True,0.009978758299109377,3.168058359472468,0.11479769181802102,0.1,a,,ElasticNet+availability
606,Rowe,Aston Villa,DEF,5,Spurs,0,4.0,0.030328098919658326,0.007582024729914582,True,0.025621670917769162,1.1836893470763126,0.08671777151172688,0.2,a,,LightGBM+availability
38,A.García,Aston Villa,DEF,5,Spurs,0,4.0,0.030328098919658326,0.007582024729914582,True,0.025621670917769162,1.1836893470763126,0.08671777151172688,1.6,a,,LightGBM+availability
603,Lienou,Leeds,DEF,5,Crystal Palace,1,4.0,0.029117015498210826,0.007279253874552707,True,0.013852150350628787,2.1019852341473557,0.08671777151172688,0.1,a,,LightGBM+availability
424,Amass,Man Utd,DEF,5,Fulham,0,4.0,0.029113387010087793,0.007278346752521948,True,0.01636599690023304,1.7788948138975411,0.08671777151172688,0.2,a,,LightGBM+availability
169,Mheuka,Chelsea,FWD,5,Brentford,0,4.5,0.02885069716233029,0.006411266036073397,True,0.014996843423117051,1.9237846490987605,-0.23330779959362458,0.5,a,,ElasticNet+availability
587,Rulli,Man City,GK,5,Sunderland,1,5.0,0.02808302385675814,0.005616604771351627,True,0.0073462605147209484,3.8227644936472673,0.1918083048788345,0.0,a,,ElasticNet+availability
361,Lucky,Liverpool,DEF,5,Bournemouth,0,4.0,0.021112604313585037,0.005278151078396259,True,0.012846581343405113,1.6434414533500268,0.08671777151172688,0.1,a,,LightGBM+availability
437,Bendito Mantato,Man Utd,MID,5,Fulham,0,4.5,0.01934501316243811,0.004298891813875136,True,0.014629838295169825,1.3222984951805683,0.08863849615245477,0.2,a,,LightGBM+availability
284,McCarthy,Hull City,DEF,5,Newcastle,0,4.0,0.018893705068922254,0.004723426267230563,True,0.011357297992830103,1.6635739487376229,0.08671777151172688,0.1,a,,LightGBM+availability
3,Meslier,Arsenal,GK,5,Brighton,0,4.9,0.018469110741363665,0.0037692062737476866,True,0.0070627263187991556,2.61501152780105,-0.043010044559231186,0.0,a,,ElasticNet+availability
2,Arrizabalaga,Arsenal,GK,5,Brighton,0,4.9,0.018469110741363665,0.0037692062737476866,True,0.0070627263187991556,2.61501152780105,-0.043010044559231186,0.1,a,,ElasticNet+availability
227,Travers,Everton,GK,5,Ipswich Town,1,5.0,0.01672692599958023,0.003345385199916046,True,0.005389991287005016,3.1033308049881203,0.1701686904240427,0.0,a,,ElasticNet+availability
58,Forster,Bournemouth,GK,5,Liverpool,1,4.0,0.016715848054852742,0.004178962013713186,True,0.005312512581089116,3.146505123461907,-0.13464862251595844,3.6,a,,ElasticNet+availability
273,Phillips,Hull City,GK,5,Newcastle,0,4.0,0.013763292784868073,0.0034408231962170183,True,0.004460344966310666,3.085701417451632,-0.10427155204188776,1.4,a,,ElasticNet+availability
468,John,Nott'm Forest,GK,5,Coventry City,1,4.5,0.013082530378414947,0.0029072289729810993,True,0.0032882783151683844,3.9785350035813574,0.1764735247090944,0.1,a,,ElasticNet+availability
590,Benda,Nott'm Forest,GK,5,Coventry City,1,4.5,0.013082530378414947,0.0029072289729810993,True,0.0032882783151683844,3.9785350035813574,0.1764735247090944,0.1,a,,ElasticNet+availability
251,Lecomte,Fulham,GK,5,Man Utd,1,4.0,0.011798533259994652,0.002949633314998663,True,0.004186005511504294,2.8185661073711055,-0.042477823934797376,1.1,a,,ElasticNet+availability
352,Woodman,Liverpool,GK,5,Bournemouth,0,4.0,0.011492101558300369,0.002873025389575092,True,0.004875479671435639,2.3571222387881257,-0.08944845605958873,1.0,a,,ElasticNet+availability
355,Davies,Liverpool,GK,5,Bournemouth,0,4.0,0.010449868041183613,0.0026124670102959033,True,0.004514127243332477,2.3149254502336927,-0.08944845605958873,0.2,a,,ElasticNet+availability
497,Dubravka,Spurs,GK,5,Aston Villa,1,4.0,0.006794080786945208,0.001698520196736302,True,0.0025305828064375014,2.6847889623140864,0.05575645026201892,17.5,a,,ElasticNet+availability
495,Austin,Spurs,GK,5,Aston Villa,1,4.0,0.006794080786945208,0.001698520196736302,True,0.0025305828064375014,2.6847889623140864,0.05575645026201892,1.0,a,,ElasticNet+availability
208,Sarr,Crystal Palace,MID,5,Leeds,0,6.2,0.0,0.0,True,0.0,1.716381417226314,0.1213067135749924,0.6,a,0.0,LightGBM+availability
54,Gomes,Aston Villa,MID,5,Spurs,0,5.5,0.0,0.0,True,0.0,2.0761097577565413,0.2565572350690783,0.0,a,0.0,LightGBM+availability
101,Henderson,Chelsea,MID,5,Brentford,0,4.9,0.0,0.0,True,0.0,1.7729007117995097,0.5494723688890497,0.0,d,0.0,LightGBM+availability
159,Caicedo,Chelsea,MID,5,Brentford,0,5.3,0.0,0.0,True,0.0,1.5412487716324863,0.3525723467078061,1.1,d,0.0,LightGBM+availability
359,Gomez,Liverpool,DEF,5,Bournemouth,0,4.9,0.0,0.0,True,0.0,2.7499058183838287,0.9502444761884539,0.0,a,0.0,LightGBM+availability
152,Palestra,Chelsea,DEF,5,Brentford,0,5.3,0.0,0.0,True,0.0,2.152980038621128,0.1314891528116258,0.7,d,0.0,LightGBM+availability
400,Doku,Man City,MID,5,Sunderland,1,7.4,0.0,0.0,True,0.0,2.5216303759295764,0.1281343196360071,0.7,d,0.0,LightGBM+availability
131,Baleba,Man Utd,MID,5,Fulham,0,4.9,0.0,0.0,True,0.0,1.5869614511842014,0.09729565660246618,0.1,d,0.0,LightGBM+availability
